price,area,bedrooms,bathrooms,location
Rs 77 Lacs,"1,000 SQFT",2 Beds,2 Baths,"Gwalior Cooperative Housing Society, Karachi•"
Rs 60 Lacs,120 SQYD,0,0,"Gulshan-e-Maymar - Sector X, Karachi•"
Rs 95 Lacs,900 SQFT,2 Beds,2 Baths,"Gulshan-E-Iqbal Block 11, Karachi•"
Rs 55 Lacs,700 SQFT,2 Beds,2 Baths,"Scheme 33, Karachi•"
Rs 1.25 Crore,240 SQYD,0,0,"Gulshan-e-Roomi, Karachi•"
Rs 3.50 Crore,"3,000 SQFT",4 Beds,5 Baths,"Jinnah Avenue, Karachi•"
Rs 5.35 Crore,500 SQYD,5 Beds,5 Baths,"Bahria Hills, Karachi•"
Rs 84 Lacs,"1,150 SQFT",3 Beds,3 Baths,"Paradise Arcade, Karachi•"
Rs 1.88 Crore,120 SQYD,4 Beds,4 Baths,"Saima Arabian Villas, Karachi•"
Rs 23 Crore,200 SQYD,0,0,"DHA Phase 8 - Zone A, Karachi•"
Rs 12 Crore,500 SQYD,6 Beds,6 Baths,"DHA Phase 6, Karachi•"
Rs 14 Crore,933 SQYD,0,0,"Clifton - Block 1, Karachi•"
Rs 6.25 Crore,100 SQYD,0,0,"DHA Phase 8, Karachi•"
Rs 3.30 Crore,100 SQYD,0,0,"DHA Phase 7 Extension, Karachi•"
Rs 33.29 Crore,333 SQYD,0,0,"DHA Phase 8 Extension, Karachi•"
Rs 40 Crore,300 SQYD,0,0,"DHA Phase 8 Extension, Karachi•"
Rs 6.50 Crore,500 SQYD,0,0,"DHA Phase 8 - Zone D, Karachi•"
Rs 5.50 Crore,"2,400 SQFT",4 Beds,4 Baths,"Clifton - Block 7, Karachi•"
Rs 5.50 Crore,"6,300 SQFT",2 Beds,2 Baths,"Clifton - Block 2, Karachi•"
Rs 14.25 Crore,"1,000 SQYD",0,0,"DHA Phase 8 - Zone E, Karachi•"
Rs 5.50 Crore,500 SQYD,0,0,"DHA Phase 8 Extension, Karachi•"
Rs 75 Lacs,264 SQFT,0,0,"Millennium Mall, Karachi•"
Rs 55 Lacs,"1,250 SQFT",3 Beds,3 Baths,"Gulistan-e-Jauhar Block 17, Karachi•"
Rs 62.50 Lacs,120 SQYD,0,0,"Saadi Garden - Block 2, Karachi•"
Rs 6.50 Crore,325 SQYD,6 Beds,6 Baths,"Capital Cooperative Housing Society, Karachi•"
Rs 6 Crore,240 SQYD,6 Beds,6 Baths,"Gulistan-e-Jauhar Block 3, Karachi•"
Rs 3.65 Crore,"2,200 SQFT",4 Beds,4 Baths,"Kings Presidency, Karachi•"
Rs 62 Lacs,120 SQYD,0,0,"Gulshan-e-Roomi, Karachi•"
Rs 10 Crore,120 SQYD,0,0,"New Karachi, Karachi•"
Rs 1.72 Crore,152 SQYD,3 Beds,3 Baths,"Bahria Homes - Iqbal Villas, Karachi•"
Rs 4.25 Crore,200 SQYD,6 Beds,7 Baths,"North Nazimabad - Block D, Karachi•"
Rs 7.20 Lac,60 SQFT,0,0,"North Town Residency, Karachi•"
Rs 95 Lacs,900 SQFT,2 Beds,2 Baths,"Gulshan-E-Iqbal Block 11, Karachi•"
Rs 58 Lacs,120 SQYD,0,0,"Saadi Garden, Karachi•"
Rs 61 Lacs,120 SQYD,0,0,"Saadi Garden - Block 3, Karachi•"
Rs 75 Lacs,120 SQYD,0,0,"Saadi Garden, Karachi•"
Rs 5 Crore,"1,400 SQFT",0,0,"Shahra-e-Faisal, Karachi•"
Rs 80 Crore,"1,000 SQYD",0,0,"Pechs II, Karachi•"
Rs 19.50 Crore,600 SQYD,6 Beds,6 Baths,"Al Hamra Society, Karachi•"
Rs 1.60 Crore,"1,100 SQFT",0,0,"Shahra-e-Faisal, Karachi•"
Rs 27.50 Crore,"1,000 SQYD",6 Beds,6 Baths,"DHA Phase 2, Karachi•"
Rs 3.50 Crore,240 SQYD,3 Beds,3 Baths,"Gulshan-E-Iqbal Block 1, Karachi•"
Rs 48 Lacs,600 SQFT,2 Beds,2 Baths,"Gulistan-e-Jauhar Block 18, Karachi•"
Rs 66 Lacs,120 SQYD,0,0,"Taiser Town, Karachi•"
Rs 3.95 Crore,120 SQFT,3 Beds,3 Baths,"Naya Nazimabad, Karachi•"
Rs 82 Lacs,"1,050 SQFT",2 Beds,2 Baths,"North Nazimabad - Block N, Karachi•"
Rs 45 Lacs,120 SQYD,0,0,"Taiser Town, Karachi•"
Rs 49 Lacs,120 SQYD,0,0,"Surjani Town, Karachi•"
Rs 2.76 Crore,"1,080 SQFT",3 Beds,3 Baths,"Saima Elite Villas, Karachi•"
Rs 68 Lacs,"1,050 SQFT",2 Beds,2 Baths,"Federal B Area - Block 20, Karachi•"
Rs 54 Lacs,600 SQFT,2 Beds,2 Baths,"Federal B Area - Block 18, Karachi•"
Rs 12 Crore,500 SQYD,5 Beds,5 Baths,"DHA Phase 8, Karachi•"
Rs 1.05 Crore,120 SQYD,2 Beds,2 Baths,"Saima Villas, Karachi•"
Rs 1.75 Crore,192 SQYD,0,0,"Korangi - Sector 35-C, Karachi•"
Rs 3.95 Crore,258 SQYD,6 Beds,6 Baths,"Gulshan-e-Maymar - Sector Q, Karachi•"
Rs 2.95 Crore,240 SQYD,0,0,"Karachi University Housing Society, Karachi•"
Rs 65 Lacs,200 SQYD,0,0,"Falaknaz Dreams, Karachi•"
Rs 1.45 Crore,200 SQYD,0,0,"Saadabad Cooperative Housing Society, Karachi•"
Rs 1.43 Crore,200 SQYD,0,0,"Saadabad Cooperative Housing Society, Karachi•"
Rs 1.05 Crore,120 SQYD,0,0,"Saadabad Cooperative Housing Society, Karachi•"
Rs 1.22 Crore,120 SQYD,3 Beds,3 Baths,"Saima Villas, Karachi•"
Rs 86 Lacs,850 SQFT,2 Beds,2 Baths,"Falaknaz Harmony, Karachi•"
Rs 46 Lacs,80 SQYD,0,0,"Surjani Town, Karachi•"
Rs 3.70 Crore,120 SQFT,4 Beds,4 Baths,"Naya Nazimabad, Karachi•"
Rs 1.06 Crore,120 SQYD,2 Beds,2 Baths,"Saima Villas, Karachi•"
Rs 1.42 Crore,160 SQYD,3 Beds,3 Baths,"Saima Villas, Karachi•"
Rs 1.78 Crore,220 SQYD,0,0,"Saadabad Cooperative Housing Society, Karachi•"
Rs 2.40 Crore,400 SQYD,0,0,"Saadabad Cooperative Housing Society, Karachi•"
Rs 1.59 Crore,"1,350 SQFT",3 Beds,3 Baths,"Kings Cottages, Karachi•"
Rs 52 Lacs,120 SQYD,0,0,"Saima Arabian Villas, Karachi•"
Rs 24 Lacs,127 SQFT,1 Bed,1 Bath,"North Town Residency, Karachi•"
Rs 82 Lacs,850 SQFT,4 Beds,2 Baths,"North Karachi - Sector 11A, Karachi•"
Rs 2.35 Crore,133 SQYD,4 Beds,6 Baths,"Airport Road, Karachi•"
Rs 58 Lacs,955 SQFT,2 Beds,2 Baths,"Bahria Apartments, Karachi•"
Rs 75 Lacs,"1,200 SQFT",4 Beds,3 Baths,"North Karachi, Karachi•"
Rs 3.25 Crore,400 SQYD,0,0,"Capital Cooperative Housing Society, Karachi•"
Rs 62 Lacs,120 SQYD,0,0,"Gulshan-e-Roomi, Karachi•"
Rs 50 Lacs,851 SQFT,2 Beds,2 Baths,"Shadman Town - Sector-14/B, Karachi•"
Rs 2.29 Crore,226 SQYD,0,0,"Sector 31 - Punjabi Saudagar City Phase 2, Karachi•"
Rs 35 Lacs,80 SQYD,0,0,"Korangi - Sector 51-C, Karachi•"
Rs 70 Lacs,955 SQFT,2 Beds,2 Baths,"Bahria Apartments, Karachi•"
Rs 1.10 Crore,"1,300 SQFT",4 Beds,2 Baths,"Gulshan-e-Maymar - Sector Z, Karachi•"
Rs 55 Lacs,599 SQFT,3 Beds,2 Baths,"North Karachi - Sector 11A, Karachi•"
Rs 80 Lacs,850 SQFT,4 Beds,2 Baths,"North Karachi - Sector 11A, Karachi•"
Rs 85 Lacs,900 SQFT,4 Beds,2 Baths,"North Karachi - Sector 5-K, Karachi•"
Rs 1.10 Crore,150 SQYD,4 Beds,2 Baths,"Scheme 33, Karachi•"
Rs 73 Lacs,900 SQFT,4 Beds,2 Baths,"North Karachi - Sector 5-K, Karachi•"
Rs 13 Lacs,445 SQFT,2 Beds,1 Bath,"Surjani Town - Sector 12, Karachi•"
Rs 44 Lacs,120 SQYD,0,0,"Alize Garden, Karachi•"
Rs 3.45 Crore,120 SQYD,4 Beds,4 Baths,"Naya Nazimabad, Karachi•"
Rs 65 Lacs,900 SQFT,4 Beds,2 Baths,"North Karachi - Sector 11A, Karachi•"
Rs 62 Lacs,900 SQFT,3 Beds,2 Baths,"North Karachi - Sector 5-K, Karachi•"
Rs 2 Crore,80 SQYD,6 Beds,3 Baths,"Shah Faisal Town - Block 3, Karachi•"
Rs 6 Lac,65 SQFT,Studio,1 Bath,"North Town Residency, Karachi•"
Rs 30 Lacs,445 SQFT,2 Beds,1 Bath,"North Karachi - Sector 11A, Karachi•"
Rs 75 Lacs,120 SQYD,4 Beds,2 Baths,"North Karachi - Sector 7-D/2, Karachi•"
Rs 1.25 Crore,"1,700 SQFT",3 Beds,3 Baths,"North Nazimabad - Block L, Karachi•"
Rs 1.35 Crore,"1,100 SQFT",2 Beds,2 Baths,"North Nazimabad - Block K, Karachi•"
Rs 11 Lacs,50 SQFT,0,0,"Murad Memon Goth, Karachi•"
Rs 22 Lacs,450 SQFT,2 Beds,1 Bath,"Allahwala Town - Sector 31-B, Karachi•"
Rs 1.14 Crore,500 SQYD,0,0,"DHA City - Sector 9B, Karachi•"
Rs 4.20 Crore,200 SQYD,6 Beds,3 Baths,"North Nazimabad - Block D, Karachi•"
Rs 75 Lacs,120 SQYD,0,0,"Gulshan-e-Maymar, Karachi•"
Rs 74 Lacs,950 SQFT,2 Beds,2 Baths,"Bahria Apartments, Karachi•"
Rs 1.55 Crore,160 SQYD,5 Beds,3 Baths,"Saima Arabian Villas, Karachi•"
Rs 5 Crore,240 SQYD,6 Beds,5 Baths,"North Nazimabad - Block N, Karachi•"
Rs 77 Lacs,850 SQFT,4 Beds,2 Baths,"North Karachi - Sector 11A, Karachi•"
Rs 67 Lacs,900 SQFT,4 Beds,2 Baths,"North Karachi - Sector 5-K, Karachi•"
Rs 55 Lacs,599 SQFT,3 Beds,2 Baths,"North Karachi - Sector 11A, Karachi•"
Rs 38.50 Lacs,80 SQYD,0,0,"North Town Residency, Karachi•"
Rs 1.85 Crore,140 SQYD,5 Beds,5 Baths,"Model Colony - Malir, Karachi•"
Rs 1.05 Crore,120 SQYD,2 Beds,2 Baths,"Alize Garden, Karachi•"
Rs 65 Lacs,"1,000 SQFT",2 Beds,2 Baths,"Gulistan-e-Jauhar Block 18, Karachi•"
Rs 61 Lacs,80 SQYD,0,0,"North Town Residency, Karachi•"
Rs 1 Crore,120 SQYD,2 Beds,4 Baths,"Saima Green Valley, Karachi•"
Rs 60 Lacs,120 SQYD,0,0,"Surjani Town - Sector 4D, Karachi•"
Rs 52 Lacs,75 SQYD,2 Beds,1 Bath,"Surjani Town - Sector 4D, Karachi•"
Rs 47 Lacs,65 SQYD,2 Beds,2 Baths,"Surjani Town - Sector 4D, Karachi•"
Rs 75 Lacs,120 SQYD,2 Beds,3 Baths,"Surjani Town - Sector 4D, Karachi•"
Rs 95 Lacs,500 SQFT,0,0,"North Karachi - Sector 11B, Karachi•"
Rs 1.65 Crore,152 SQYD,3 Beds,3 Baths,"Bahria Homes - Iqbal Villas, Karachi•"
Rs 1.50 Crore,184 SQFT,0,0,"Gulistan-e-Jauhar Block 15, Karachi•"
Rs 1.45 Crore,"1,200 SQFT",2 Beds,2 Baths,"North Nazimabad - Block K, Karachi•"
Rs 65 Lacs,200 SQYD,0,0,"Falaknaz Dreams, Karachi•"
Rs 1.60 Crore,"1,200 SQFT",2 Beds,3 Baths,"Jinnah Avenue, Karachi•"
Rs 70 Lacs,700 SQFT,2 Beds,2 Baths,"Gulshan-e-Maymar - Sector R, Karachi•"
Rs 37 Lacs,120 SQYD,0,0,"North Town Residency, Karachi•"
Rs 2.80 Crore,"1,440 SQFT",4 Beds,3 Baths,"Saima Elite Villas, Karachi•"
Rs 12.25 Crore,"3,707 SQFT",Studio,1 Bath,"Emaar Pearl Towers, Karachi•"
Rs 3.70 Crore,288 SQYD,6 Beds,6 Baths,"North Karachi, Karachi•"
Rs 55 Lacs,240 SQYD,2 Beds,2 Baths,"North Karachi - Sector 11A, Karachi•"
Rs 2.75 Crore,160 SQYD,4 Beds,7 Baths,"North Karachi - Sector 8, Karachi•"
Rs 1.90 Crore,120 SQYD,4 Beds,6 Baths,"North Karachi - Sector 8, Karachi•"
Rs 1.65 Crore,120 SQYD,4 Beds,4 Baths,"North Karachi, Karachi•"
Rs 46 Lacs,120 SQYD,0,0,"North Town Residency, Karachi•"
Rs 70 Lacs,120 SQYD,0,0,"North Town Residency, Karachi•"
Rs 46 Lacs,80 SQYD,0,0,"North Town Residency, Karachi•"
Rs 60 Lacs,120 SQYD,0,0,"North Town Residency, Karachi•"
Rs 85 Lacs,160 SQYD,0,0,"North Town Residency, Karachi•"
Rs 46 Lacs,80 SQYD,0,0,"North Town Residency, Karachi•"
Rs 46 Lacs,80 SQYD,0,0,"North Town Residency, Karachi•"
Rs 52 Lacs,120 SQYD,0,0,"North Town Residency, Karachi•"
Rs 46 Lacs,80 SQYD,0,0,"North Town Residency, Karachi•"
Rs 58 Lacs,700 SQFT,2 Beds,2 Baths,"North Karachi, Karachi•"
Rs 1.10 Crore,"1,600 SQFT",3 Beds,3 Baths,"North Nazimabad - Block H, Karachi•"
Rs 1.10 Crore,120 SQYD,2 Beds,2 Baths,"Saima Villas, Karachi•"
Rs 7.20 Lac,60 SQFT,0,0,"Saima Arabian Villas, Karachi•"
Rs 7.20 Lac,60 SQFT,0,0,"North Karachi, Karachi•"
Rs 58 Lacs,955 SQFT,2 Beds,2 Baths,"Bahria Apartments, Karachi•"
Rs 1.25 Crore,120 SQYD,0,0,"Punjabi Saudagar Society Phase 2, Karachi•"
Rs 1.50 Crore,"1,200 SQFT",2 Beds,2 Baths,"Capital Cooperative Housing Society, Karachi•"
Rs 12 Crore,400 SQYD,Studio,2 Baths,"North Nazimabad - Block H, Karachi•"
Rs 68 Lacs,750 SQFT,2 Beds,2 Baths,"Gulistan-e-Jauhar Block 14, Karachi•"
Rs 58 Lacs,80 SQYD,0,0,"North Town Residency, Karachi•"
Rs 1.25 Crore,130 SQYD,2 Beds,3 Baths,"North Town Residency, Karachi•"
Rs 55 Lacs,80 SQYD,0,0,"North Town Residency, Karachi•"
Rs 52 Lacs,80 SQYD,0,0,"North Town Residency, Karachi•"
Rs 46 Lacs,80 SQYD,0,0,"North Town Residency, Karachi•"
Rs 45 Lacs,80 SQYD,0,0,"North Town Residency, Karachi•"
Rs 37.50 Lacs,80 SQYD,0,0,"North Town Residency, Karachi•"
Rs 50 Lacs,80 SQYD,0,0,"North Town Residency, Karachi•"
Rs 80 Lacs,900 SQFT,2 Beds,2 Baths,"North Karachi, Karachi•"
Rs 42 Lacs,80 SQYD,0,0,"North Town Residency, Karachi•"
Rs 37 Lacs,80 SQYD,0,0,"North Town Residency, Karachi•"
Rs 68 Lacs,120 SQYD,0,0,"North Town Residency, Karachi•"
Rs 45 Lacs,80 SQYD,0,0,"North Town Residency, Karachi•"
Rs 45 Lacs,80 SQYD,0,0,"North Town Residency, Karachi•"
Rs 49.50 Lacs,110 SQYD,0,0,"North Town Residency, Karachi•"
Rs 30 Lacs,120 SQYD,4 Beds,4 Baths,"Scheme 33, Karachi•"
Rs 32 Lacs,120 SQYD,0,0,"North Karachi, Karachi•"
Rs 2.95 Crore,120 SQYD,4 Beds,5 Baths,"Hansa Society, Karachi•"
Rs 3.75 Crore,400 SQYD,6 Beds,7 Baths,"Ahsanabad, Karachi•"
Rs 2 Crore,152 SQYD,3 Beds,3 Baths,"Bahria Town - Precinct 2, Karachi•"
Rs 23.50 Lacs,125 SQYD,0,0,"DHA City - Sector 12, Karachi•"
Rs 3.40 Crore,240 SQYD,3 Beds,3 Baths,"PCSIR Housing Society, Karachi•"
Rs 71 Lacs,990 SQFT,2 Beds,2 Baths,"Bahria Apartments, Karachi•"
Rs 1.60 Crore,865 SQFT,3 Beds,3 Baths,"Scheme 33, Karachi•"
Rs 85 Lacs,80 SQYD,0,0,"North Town Residency, Karachi•"
Rs 65 Lacs,120 SQYD,0,0,"North Town Residency, Karachi•"
Rs 71 Lacs,120 SQYD,0,0,"North Town Residency, Karachi•"
Rs 58 Lacs,120 SQYD,0,0,"North Town Residency, Karachi•"
Rs 50 Lacs,80 SQYD,0,0,"North Town Residency, Karachi•"
Rs 46 Lacs,88 SQYD,0,0,"North Town Residency, Karachi•"
Rs 55 Lacs,120 SQYD,0,0,"North Town Residency, Karachi•"
Rs 35 Lacs,80 SQYD,0,0,"North Town Residency, Karachi•"
Rs 46 Lacs,80 SQYD,0,0,"North Town Residency, Karachi•"
Rs 68 Lacs,120 SQYD,0,0,"North Town Residency, Karachi•"
Rs 45 Lacs,80 SQYD,0,0,"North Town Residency, Karachi•"
Rs 46 Lacs,80 SQYD,0,0,"North Town Residency, Karachi•"
Rs 55 Lacs,80 SQYD,0,0,"North Town Residency, Karachi•"
Rs 46 Lacs,80 SQYD,0,0,"North Town Residency, Karachi•"
Rs 35 Lacs,80 SQYD,0,0,"North Town Residency, Karachi•"
Rs 1.35 Crore,"1,100 SQFT",2 Beds,2 Baths,"North Nazimabad - Block K, Karachi•"
Rs 3.30 Crore,"2,500 SQFT",4 Beds,5 Baths,"Metropolis Residency, Karachi•"
Rs 1.20 Crore,"1,600 SQFT",3 Beds,3 Baths,"North Nazimabad - Block H, Karachi•"
Rs 1.35 Crore,"1,150 SQFT",3 Beds,3 Baths,"Gulshan-e-Iqbal - Block 19, Karachi•"
Rs 1.30 Crore,120 SQYD,4 Beds,2 Baths,"Saima Arabian Villas, Karachi•"
Rs 68 Lacs,750 SQFT,2 Beds,2 Baths,"Gulistan-e-Jauhar Block 14, Karachi•"
Rs 2.25 Crore,120 SQYD,3 Beds,3 Baths,"Kehkashan, Karachi•"
Rs 70 Lacs,955 SQFT,2 Beds,2 Baths,"Bahria Apartments, Karachi•"
Rs 1.35 Crore,120 SQYD,2 Beds,2 Baths,"Diamond City, Karachi•"
Rs 48 Lacs,80 SQYD,0,0,"North Town Residency, Karachi•"
Rs 52 Lacs,103 SQYD,0,0,"North Town Residency, Karachi•"
Rs 95 Lacs,80 SQYD,0,0,"North Town Residency, Karachi•"
Rs 85 Lacs,120 SQYD,0,0,"North Town Residency, Karachi•"
Rs 52 Lacs,80 SQYD,0,0,"North Town Residency, Karachi•"
Rs 65 Lacs,120 SQYD,0,0,"North Town Residency, Karachi•"
Rs 60 Lacs,120 SQYD,0,0,"North Town Residency, Karachi•"
Rs 55 Lacs,110 SQYD,0,0,"North Town Residency, Karachi•"
Rs 47 Lacs,120 SQYD,0,0,"North Town Residency, Karachi•"
Rs 56 Lacs,120 SQYD,0,0,"North Town Residency, Karachi•"
Rs 36 Lacs,80 SQYD,0,0,"North Town Residency, Karachi•"
Rs 2.10 Crore,160 SQYD,3 Beds,3 Baths,"Saima Arabian Villas, Karachi•"
Rs 46 Lacs,80 SQYD,0,0,"North Town Residency, Karachi•"
Rs 12.50 Crore,616 SQYD,6 Beds,6 Baths,"North Nazimabad - Block C, Karachi•"
Rs 1.35 Crore,120 SQYD,0,0,"North Town Residency, Karachi•"
Rs 10.25 Crore,600 SQYD,6 Beds,7 Baths,"DHA Phase 1, Karachi•"
Rs 49 Lacs,"1,000 SQFT",3 Beds,3 Baths,"North Karachi - Sector 5M, Karachi•"
Rs 1.17 Crore,900 SQFT,2 Beds,2 Baths,"North Nazimabad - Block M, Karachi•"
Rs 12.25 Crore,"3,707 SQFT",Studio,1 Bath,"Emaar Pearl Towers, Karachi•"
Rs 2.85 Crore,120 SQYD,2 Beds,2 Baths,"Metrovil Colony - Block 1/1, Karachi•"
Rs 29 Lacs,120 SQYD,0,0,"Sachal Sarmast Society, Karachi•"
Rs 5.90 Crore,240 SQYD,6 Beds,6 Baths,"Gulistan-e-Jauhar Block 7, Karachi•"
Rs 6.50 Crore,325 SQYD,6 Beds,6 Baths,"Capital Cooperative Housing Society, Karachi•"
Rs 1.35 Crore,"1,100 SQFT",2 Beds,2 Baths,"North Nazimabad - Block K, Karachi•"
Rs 6.25 Crore,240 SQYD,6 Beds,5 Baths,"Gulshan-e-Iqbal - Block 13/D, Karachi•"
Rs 1.90 Crore,120 SQYD,4 Beds,4 Baths,"Gulshan-e-Maymar - Sector Q, Karachi•"
Rs 87 Lacs,"1,400 SQYD",2 Beds,3 Baths,"Bahria Town Karachi, Karachi•"
Rs 40 Lacs,650 SQFT,2 Beds,2 Baths,"Gulistan-e-Jauhar Block 18, Karachi•"
Rs 2.15 Crore,"1,600 SQFT",3 Beds,4 Baths,"Saima Residency, Karachi•"
Rs 80 Lacs,950 SQFT,2 Beds,2 Baths,"Federal Government Employees Housing Foundation, Karachi•"
Rs 92 Lacs,"1,050 SQFT",2 Beds,2 Baths,"Noman Residencia, Karachi•"
Rs 1.10 Crore,"1,050 SQFT",2 Beds,2 Baths,"Noman Residencia, Karachi•"
Rs 1.55 Crore,"1,600 SQFT",3 Beds,4 Baths,"Noman Residencia, Karachi•"
Rs 2.50 Crore,150 SQYD,3 Beds,3 Baths,"Chapal Sun City, Karachi•"
Rs 1.20 Crore,"1,440 SQFT",3 Beds,3 Baths,"Chapal Sun City, Karachi•"
Rs 2.29 Crore,"1,750 SQFT",3 Beds,4 Baths,"Saima Residency, Karachi•"
Rs 42 Lacs,600 SQFT,2 Beds,2 Baths,"Gulistan-e-Jauhar Block 18, Karachi•"
Rs 1.60 Crore,"1,900 SQFT",Studio,1 Bath,"Gulistan-e-Jauhar Block 17, Karachi•"
Rs 2.80 Crore,600 SQYD,0,0,"Pak Air Crew Cooperative Housing Society, Karachi•"
Rs 1.14 Crore,125 SQYD,3 Beds,3 Baths,"Bahria Town - Ali Block, Karachi•"
Rs 1.60 Crore,"1,200 SQFT",2 Beds,3 Baths,"Jinnah Avenue, Karachi•"
Rs 6.65 Crore,300 SQYD,5 Beds,6 Baths,"Askari 6, Karachi•"
Rs 49 Lacs,"1,000 SQFT",3 Beds,3 Baths,"North Karachi - Sector 5M, Karachi•"
Rs 47 Lacs,70 SQYD,2 Beds,2 Baths,"DHA Phase 2 Extension, Karachi•"
Rs 70 Lacs,700 SQFT,2 Beds,2 Baths,"Gulshan-e-Maymar - Sector R, Karachi•"
Rs 12 Lacs,"1,000 SQYD",0,0,"Gadap Town, Karachi•"
Rs 75 Lacs,120 SQYD,0,0,"Gulshan-e-Roomi, Karachi•"
Rs 60 Lacs,120 SQYD,0,0,"Gulshan-e-Maymar - Sector X, Karachi•"
Rs 2.45 Crore,150 SQYD,3 Beds,3 Baths,"Chapal Sun City, Karachi•"
Rs 1.55 Crore,"1,050 SQFT",2 Beds,2 Baths,"Palm Residency, Karachi•"
Rs 4.50 Crore,473 SQFT,0,0,"Noman Residencia, Karachi•"
Rs 1.20 Crore,"1,050 SQFT",2 Beds,2 Baths,"Noman Residencia, Karachi•"
Rs 42 Lacs,100 SQYD,4 Beds,2 Baths,"Allahwala Town - Sector 31-B, Karachi•"
Rs 1.90 Crore,120 SQYD,4 Beds,4 Baths,"Falaknaz Golden Pebbles, Karachi•"
Rs 1.05 Crore,"1,050 SQFT",2 Beds,2 Baths,"Noman Residencia, Karachi•"
Rs 91 Lacs,"1,050 SQFT",2 Beds,2 Baths,"Noman Residencia, Karachi•"
Rs 2.10 Crore,"1,300 SQFT",3 Beds,3 Baths,"Chapal Courtyard, Karachi•"
Rs 2.20 Crore,120 SQYD,4 Beds,4 Baths,"Chapal Sun City, Karachi•"
Rs 12.80 Lacs,60 SQYD,1 Bed,1 Bath,"Korangi - Sector 31-G, Karachi•"
Rs 20.80 Lacs,42 SQYD,2 Beds,1 Bath,"Allahwala Town - Sector 31-G, Karachi•"
Rs 65 Lacs,84 SQYD,0,0,"Allahwala Town - Sector 31-G, Karachi•"
Rs 25 Lacs,50 SQYD,2 Beds,1 Bath,"Korangi Industrial Area, Karachi•"
Rs 2.15 Crore,"1,450 SQFT",3 Beds,3 Baths,"Saima Presidency, Karachi•"
Rs 8.50 Lac,80 SQYD,0,0,"Gulshan-e-Maymar, Karachi•"
Rs 40 Lacs,"1,100 SQYD",2 Beds,3 Baths,"Bahria Town Karachi, Karachi•"
Rs 18 Crore,500 SQYD,6 Beds,7 Baths,"DOHS Phase 2, Karachi•"
Rs 5.99 Crore,300 SQYD,5 Beds,6 Baths,"Askari 6, Karachi•"
Rs 2.95 Crore,120 SQYD,4 Beds,4 Baths,"Capital Cooperative Housing Society, Karachi•"
Rs 70 Lacs,955 SQFT,2 Beds,2 Baths,"Bahria Apartments, Karachi•"
Rs 84 Lacs,"1,150 SQFT",3 Beds,3 Baths,"Paradise Arcade, Karachi•"
Rs 1.35 Crore,235 SQYD,3 Beds,3 Baths,"Bahria Town - Precinct 31, Karachi•"
Rs 8 Lac,600 SQFT,0,0,"Surjani Town - Sector 5D, Karachi•"
Rs 2.04 Crore,"1,140 SQFT",3 Beds,3 Baths,"Ocean Gardens, Karachi•"
Rs 140 Crore,"1,200 SQYD",2 Beds,2 Baths,"Burj-Ul-Harmain, Karachi•"
Rs 14.50 Crore,500 SQYD,6 Beds,7 Baths,"DHA Phase 7 Extension, Karachi•"
Rs 14.50 Crore,500 SQYD,6 Beds,7 Baths,"DHA Phase 7 Extension, Karachi•"
Rs 14.40 Crore,500 SQYD,6 Beds,7 Baths,"DHA Phase 7, Karachi•"
Rs 88 Lacs,330 SQFT,0,0,"Badar Commercial Area, Karachi•"
Rs 1.05 Crore,900 SQFT,2 Beds,2 Baths,"North Nazimabad - Block L, Karachi•"
Rs 11.95 Crore,500 SQYD,6 Beds,7 Baths,"DHA Phase 6, Karachi•"
Rs 1.05 Crore,900 SQFT,2 Beds,2 Baths,"North Nazimabad - Block L, Karachi•"
Rs 3.60 Crore,120 SQYD,4 Beds,6 Baths,"Sector 25-A - Punjabi Saudagar Multi Purpose Society, Karachi•"
Rs 5.75 Crore,"1,188 SQFT",0,0,"Sanober Twin Tower, Karachi•"
Rs 52 Crore,495 SQYD,0,0,"Gulistan-e-Jauhar Block 1, Karachi•"
Rs 2.29 Crore,200 SQYD,3 Beds,3 Baths,"Bahria Town - Precinct 2, Karachi•"
Rs 1.50 Crore,184 SQFT,0,0,"Gulistan-e-Jauhar Block 15, Karachi•"
Rs 14 Crore,"3,300 SQYD",0,0,"Federal B Area - Block 16, Karachi•"
Rs 1.65 Crore,152 SQYD,3 Beds,3 Baths,"Bahria Homes - Iqbal Villas, Karachi•"
Rs 65 Lacs,400 SQYD,0,0,"Gulshan-e-Mehran - Block 2A, Karachi•"
Rs 52 Lacs,80 SQYD,0,0,"North Town Residency, Karachi•"
Rs 2.25 Crore,160 SQYD,6 Beds,6 Baths,"Saima Arabian Villas, Karachi•"
Rs 29 Lacs,120 SQYD,0,0,"Sachal Sarmast Society, Karachi•"
Rs 31 Lacs,125 SQYD,0,0,"DHA City - Sector 6, Karachi•"
Rs 1.50 Crore,"1,050 SQFT",2 Beds,2 Baths,"Sumaira Residency, Karachi•"
Rs 55 Lacs,700 SQFT,2 Beds,2 Baths,"Scheme 33, Karachi•"
Rs 7.50 Lac,80 SQYD,2 Beds,2 Baths,"Northern Bypass, Karachi•"
Rs 6.60 Crore,475 SQYD,0,0,"Gulistan-e-Jauhar Block 19, Karachi•"
Rs 2.29 Crore,200 SQYD,3 Beds,3 Baths,"Bahria Town - Precinct 2, Karachi•"
Rs 2.29 Crore,200 SQYD,3 Beds,3 Baths,"Bahria Town - Precinct 2, Karachi•"
Rs 52 Crore,495 SQYD,0,0,"Gulistan-e-Jauhar Block 1, Karachi•"
Rs 3.60 Crore,120 SQYD,4 Beds,6 Baths,"Sector 25-A - Punjabi Saudagar Multi Purpose Society, Karachi•"
Rs 12 Crore,145 SQYD,0,0,"Gulshan-e-Azeem, Karachi•"
Rs 14 Crore,"3,300 SQYD",0,0,"Federal B Area - Block 16, Karachi•"
Rs 6.60 Crore,475 SQYD,0,0,"Gulistan-e-Jauhar Block 19, Karachi•"
Rs 7.70 Crore,620 SQYD,0,0,"Gulistan-e-Jauhar Block 19, Karachi•"
Rs 15 Crore,"2,308 SQFT",0,0,"Gulistan-e-Jauhar Block 7, Karachi•"
Rs 14.50 Crore,"2,395 SQFT",0,0,"Gulistan-e-Jauhar Block 19, Karachi•"
Rs 30 Lacs,250 SQYD,0,0,"Al-Mehdia City - Block A3, Karachi•"
Rs 14.50 Crore,"2,395 SQFT",0,0,"Gulistan-e-Jauhar Block 19, Karachi•"
Rs 15 Crore,"2,308 SQFT",0,0,"Gulistan-e-Jauhar Block 7, Karachi•"
Rs 2.29 Crore,200 SQYD,3 Beds,3 Baths,"Bahria Town - Precinct 2, Karachi•"
Rs 1.25 Crore,120 SQYD,0,0,"Punjabi Saudagar Society Phase 2, Karachi•"
Rs 68 Lacs,"1,050 SQFT",2 Beds,2 Baths,"Federal B Area - Block 20, Karachi•"
Rs 62 Lacs,200 SQYD,0,0,"DHA City - Sector 3C, Karachi•"
Rs 1.20 Crore,"1,600 SQFT",3 Beds,3 Baths,"North Nazimabad - Block H, Karachi•"
Rs 40 Lacs,900 SQFT,3 Beds,3 Baths,"Allahwala Town - Sector 31-G, Karachi•"
Rs 7.50 Crore,555 SQYD,0,0,"Gulistan-e-Jauhar Block 1, Karachi•"
Rs 98 Lacs,125 SQYD,3 Beds,3 Baths,"Bahria Town - Precinct 15, Karachi•"
Rs 15 Lacs,"1,000 SQYD",Studio,1 Bath,"Gadap Town, Karachi•"
Rs 53 Lacs,120 SQYD,0,0,"Falaknaz Dreams, Karachi•"
Rs 30 Lacs,250 SQYD,0,0,"Al-Mehdia City - Block A3, Karachi•"
Rs 52 Crore,495 SQYD,0,0,"Gulistan-e-Jauhar Block 1, Karachi•"
Rs 5.75 Crore,"1,188 SQFT",0,0,"Sanober Twin Tower, Karachi•"
Rs 1.20 Crore,120 SQYD,2 Beds,2 Baths,"Alize Garden, Karachi•"
Rs 1.20 Crore,120 SQYD,2 Beds,4 Baths,"Alize Garden, Karachi•"
Rs 1 Crore,120 SQYD,2 Beds,4 Baths,"Saima Green Valley, Karachi•"
Rs 82 Lacs,"1,000 SQYD",0,0,"Bahria Town - Precinct 33, Karachi•"
Rs 12 Lacs,"1,000 SQYD",0,0,"Gadap Town, Karachi•"
Rs 1.45 Crore,125 SQYD,3 Beds,3 Baths,"Chapal Uptown, Karachi•"
Rs 12 Lacs,"1,000 SQYD",Studio,1 Bath,"Gadap Town, Karachi•"
Rs 2 Crore,200 SQYD,5 Beds,6 Baths,"Surjani Town - Sector 4D, Karachi•"
Rs 1.50 Crore,65 SQYD,2 Beds,2 Baths,"Surjani Town - Sector 7A, Karachi•"
Rs 2 Crore,200 SQYD,3 Beds,3 Baths,"Surjani Town - Sector 4D, Karachi•"
Rs 71 Lacs,114 SQYD,0,0,"Surjani Town - Sector 4D, Karachi•"
Rs 2.25 Crore,120 SQYD,2 Beds,3 Baths,"Bufferzone - Sector 15-A/2, Karachi•"
Rs 1.45 Crore,"1,200 SQFT",2 Beds,2 Baths,"North Nazimabad - Block K, Karachi•"
Rs 6 Crore,240 SQYD,6 Beds,6 Baths,"Gulistan-e-Jauhar Block 3, Karachi•"
Rs 20 Lacs,375 SQFT,1 Bed,1 Bath,"Surjani Town - Sector 7A, Karachi•"
Rs 1.60 Crore,160 SQYD,5 Beds,3 Baths,"Saima Arabian Villas, Karachi•"
Rs 1.68 Crore,200 SQYD,3 Beds,3 Baths,"Bahria Town - Precinct 10-A, Karachi•"
Rs 4.90 Crore,200 SQYD,6 Beds,7 Baths,"Sindh Baloch Housing Society, Karachi•"
Rs 80 Lacs,120 SQYD,0,0,"North Town Residency, Karachi•"
Rs 70 Lacs,750 SQFT,3 Beds,3 Baths,"North Karachi, Karachi•"
Rs 2.95 Crore,120 SQYD,4 Beds,4 Baths,"Capital Cooperative Housing Society, Karachi•"
Rs 7.70 Crore,240 SQYD,6 Beds,7 Baths,"Gulistan-e-Jauhar Block 15, Karachi•"
Rs 15 Crore,400 SQYD,6 Beds,7 Baths,"Gulistan-e-Jauhar Block 16, Karachi•"
Rs 3.50 Crore,120 SQYD,4 Beds,5 Baths,"North Karachi - Sector 11C, Karachi•"
Rs 8.50 Crore,300 SQYD,6 Beds,7 Baths,"Gulistan-e-Jauhar Block 14, Karachi•"
Rs 1.14 Crore,800 SQFT,0,0,"North Karachi - Sector 11A, Karachi•"
Rs 3.90 Crore,120 SQYD,6 Beds,6 Baths,"North Karachi - Sector 5-C/3, Karachi•"
Rs 86 Lacs,"1,000 SQFT",2 Beds,2 Baths,"North Karachi - Sector 11A, Karachi•"
Rs 2.45 Crore,120 SQYD,6 Beds,6 Baths,"North Karachi - Sector 8, Karachi•"
Rs 1.25 Crore,800 SQFT,0,0,"North Karachi, Karachi•"
Rs 1.20 Crore,700 SQFT,0,0,"North Karachi - Sector 11A, Karachi•"
Rs 2.35 Crore,120 SQYD,6 Beds,6 Baths,"North Karachi, Karachi•"
Rs 2.35 Crore,120 SQYD,6 Beds,6 Baths,"North Karachi, Karachi•"
Rs 2.29 Crore,180 SQYD,3 Beds,5 Baths,"Buffer Zone 1, Karachi•"
Rs 1.10 Crore,600 SQYD,0,0,"North Karachi - Sector 11A, Karachi•"
Rs 5 Crore,"2,000 SQFT",5 Beds,5 Baths,"Cosmopolitan Society, Karachi•"
Rs 3.10 Crore,"2,250 SQFT",3 Beds,4 Baths,"Saima Jinnah Avenue, Karachi•"
Rs 5 Lac,961 SQFT,5 Beds,2 Baths,"North Karachi - Sector 11A, Karachi•"
Rs 2.10 Crore,350 SQYD,4 Beds,4 Baths,"Bahria Sports City, Karachi•"
Rs 95 Lacs,900 SQFT,2 Beds,2 Baths,"Gulshan-E-Iqbal Block 11, Karachi•"
Rs 1.60 Crore,160 SQYD,5 Beds,3 Baths,"Saima Arabian Villas, Karachi•"
Rs 32 Lacs,120 SQYD,0,0,"North Karachi, Karachi•"
Rs 1.38 Crore,500 SQYD,0,0,"DHA City Sector 2, Karachi•"
Rs 1.45 Crore,"1,440 SQFT",4 Beds,3 Baths,"Saima Villas, Karachi•"
Rs 3.40 Crore,240 SQYD,3 Beds,3 Baths,"PCSIR Housing Society, Karachi•"
Rs 4.59 Crore,"1,400 SQFT",3 Beds,3 Baths,"Kashmir Road, Karachi•"
Rs 3.60 Crore,"1,300 SQFT",3 Beds,3 Baths,"Garden East, Karachi•"
Rs 8.50 Crore,150 SQYD,4 Beds,4 Baths,"Pechs II, Karachi•"
Rs 1.10 Crore,600 SQFT,0,0,"North Karachi - Sector 11A, Karachi•"
Rs 2.75 Crore,900 SQFT,2 Beds,2 Baths,"Soldier Bazar, Karachi•"
Rs 3.25 Crore,"1,500 SQFT",3 Beds,3 Baths,"Garden East, Karachi•"
Rs 5.50 Crore,"1,760 SQFT",3 Beds,3 Baths,"Tariq Road, Karachi•"
Rs 2.50 Crore,"1,000 SQFT",2 Beds,2 Baths,"Khalid Bin Walid Road, Karachi•"
Rs 8.50 Crore,200 SQYD,6 Beds,6 Baths,"Garden East, Karachi•"
Rs 4.50 Crore,"1,800 SQFT",3 Beds,3 Baths,"Guru Mandir Chorangi, Karachi•"
Rs 4.40 Crore,"2,200 SQFT",4 Beds,4 Baths,"Pechs II, Karachi•"
Rs 5.09 Crore,"2,000 SQFT",4 Beds,4 Baths,"Tariq Road, Karachi•"
Rs 3 Crore,"1,300 SQFT",3 Beds,3 Baths,"Parsi Colony, Karachi•"
Rs 2.25 Crore,"1,000 SQFT",2 Beds,2 Baths,"Parsi Colony, Karachi•"
Rs 4.50 Crore,"1,400 SQFT",3 Beds,3 Baths,"Garden East, Karachi•"
Rs 2.50 Crore,"2,000 SQFT",3 Beds,4 Baths,"Airport, Karachi•"
Rs 54 Lacs,600 SQFT,2 Beds,2 Baths,"Federal B Area - Block 18, Karachi•"
Rs 4.50 Crore,288 SQYD,6 Beds,6 Baths,"North Karachi - Sector 11A, Karachi•"
Rs 18 Crore,500 SQYD,6 Beds,7 Baths,"DOHS Phase 2, Karachi•"
Rs 4.84 Crore,500 SQYD,5 Beds,5 Baths,"Bahria Town - Precinct 17, Karachi•"
Rs 45.50 Lacs,240 SQFT,0,0,"Al-Jadeed Residency, Karachi•"
Rs 1.25 Crore,120 SQYD,0,0,"Punjabi Saudagar Society Phase 2, Karachi•"
Rs 45 Lacs,600 SQFT,2 Beds,2 Baths,"Gulistan-e-Jauhar Block 18, Karachi•"
Rs 5.99 Crore,300 SQYD,5 Beds,6 Baths,"Askari 6, Karachi•"
Rs 1.05 Crore,850 SQFT,2 Beds,2 Baths,"Garden West, Karachi•"
Rs 5 Crore,"1,400 SQFT",3 Beds,3 Baths,"Garden East, Karachi•"
Rs 2.45 Crore,"1,000 SQFT",2 Beds,2 Baths,"Garden West, Karachi•"
Rs 11.50 Crore,235 SQYD,5 Beds,5 Baths,"Amir Khusro, Karachi•"
Rs 2 Crore,900 SQFT,2 Beds,2 Baths,"Garden East, Karachi•"
Rs 3.65 Crore,"1,500 SQFT",3 Beds,3 Baths,"Garden East, Karachi•"
Rs 3.75 Crore,"1,300 SQFT",3 Beds,3 Baths,"Britto Road, Karachi•"
Rs 5.25 Crore,"2,000 SQFT",4 Beds,4 Baths,"Cosmopolitan Society, Karachi•"
Rs 2.60 Crore,"2,100 SQFT",3 Beds,3 Baths,"Garden East, Karachi•"
Rs 76 Lacs,240 SQYD,0,0,"Pir Ahmed Zaman Town - Block 4, Karachi•"
Rs 85 Lacs,120 SQYD,0,0,"Pir Ahmed Zaman Town - Block 1, Karachi•"
Rs 3.50 Crore,400 SQFT,0,0,"Gulistan-e-Jauhar Block 18, Karachi•"
Rs 78 Lacs,240 SQYD,0,0,"Pir Ahmed Zaman Town - Block 3, Karachi•"
Rs 2.10 Crore,"1,700 SQFT",3 Beds,3 Baths,"Rafi Premier Residency, Karachi•"
Rs 2.60 Crore,120 SQYD,4 Beds,5 Baths,"Hansa Society, Karachi•"
Rs 90 Lacs,900 SQFT,2 Beds,2 Baths,"North Nazimabad - Block L, Karachi•"
Rs 4 Lac,96 SQFT,0,0,"North Town Residency, Karachi•"
Rs 16 Lacs,120 SQYD,0,0,"Taiser Town - Sector 79, Karachi•"
Rs 1.55 Crore,160 SQYD,5 Beds,3 Baths,"Saima Arabian Villas, Karachi•"
Rs 2.29 Crore,226 SQYD,0,0,"Sector 31 - Punjabi Saudagar City Phase 2, Karachi•"
Rs 2.95 Crore,120 SQYD,4 Beds,4 Baths,"Capital Cooperative Housing Society, Karachi•"
Rs 74 Lacs,950 SQFT,2 Beds,2 Baths,"Bahria Apartments, Karachi•"
Rs 10 Crore,550 SQYD,3 Beds,4 Baths,"Malir Cantonment, Karachi•"
Rs 80 Lacs,120 SQYD,0,0,"North Town Residency, Karachi•"
Rs 1.05 Crore,"1,000 SQFT",2 Beds,2 Baths,"Gulistan-e-Jauhar - Block 10-A, Karachi•"
Rs 45 Lacs,75 SQYD,2 Beds,2 Baths,"Rafi Bungalows, Karachi•"
Rs 55 Lacs,70 SQYD,Studio,1 Bath,"Shah Faisal Town, Karachi•"
Rs 2.90 Crore,200 SQYD,3 Beds,2 Baths,"Gulistan-e-Jauhar Block 7, Karachi•"
Rs 86 Lacs,950 SQFT,2 Beds,2 Baths,"Gulistan-e-Jauhar Block 15, Karachi•"
Rs 1.35 Crore,"1,300 SQFT",3 Beds,3 Baths,"Gulistan-e-Jauhar Block 14, Karachi•"
Rs 1.35 Crore,"1,300 SQFT",3 Beds,3 Baths,"Gulistan-e-Jauhar Block 15, Karachi•"
Rs 70 Lacs,700 SQFT,2 Beds,2 Baths,"Gulistan-e-Jauhar Block 13, Karachi•"
Rs 3.55 Crore,240 SQYD,0,0,"Gulistan-e-Jauhar Block 3, Karachi•"
Rs 80 Lacs,101 SQYD,2 Beds,2 Baths,"Bagh-e-Malir, Karachi•"
Rs 80 Lacs,110 SQYD,2 Beds,2 Baths,"Gulshan-e-Malir, Karachi•"
Rs 74 Lacs,120 SQYD,0,0,"Gulshan-E-Dad Rahim, Karachi•"
Rs 1.45 Crore,80 SQYD,0,0,"Malir, Karachi•"
Rs 55 Lacs,216 SQFT,0,0,"Jamia Millia Road, Karachi•"
Rs 22.50 Lacs,80 SQYD,0,0,"Malir, Karachi•"
Rs 81 Lacs,990 SQFT,2 Beds,2 Baths,"Bahria Apartments, Karachi•"
Rs 85 Lacs,120 SQYD,0,0,"Saadi Garden, Karachi•"
Rs 1.80 Crore,240 SQYD,3 Beds,3 Baths,"North Karachi - Sector 11A, Karachi•"
Rs 2.95 Crore,120 SQYD,4 Beds,4 Baths,"Capital Cooperative Housing Society, Karachi•"
Rs 16 Lacs,120 SQYD,0,0,"Taiser Town - Sector 79, Karachi•"
Rs 4.25 Crore,240 SQYD,0,0,"Cantt Bazar, Karachi•"
Rs 7.20 Lac,60 SQFT,0,0,"North Karachi, Karachi•"
Rs 58 Lacs,955 SQFT,2 Beds,2 Baths,"Bahria Apartments, Karachi•"
Rs 60 Lacs,80 SQYD,0,0,"North Town Residency, Karachi•"
Rs 22.50 Lacs,80 SQYD,0,0,"Memon Goth Road, Karachi•"
Rs 55 Lacs,85 SQYD,2 Beds,2 Baths,"Jamia Millia Road, Karachi•"
Rs 56 Lacs,85 SQYD,3 Beds,2 Baths,"Malir, Karachi•"
Rs 3.25 Crore,462 SQFT,0,0,"Scheme 33, Karachi•"
Rs 50 Lacs,120 SQYD,0,0,"Falaknaz Dreams, Karachi•"
Rs 77 Lacs,80 SQYD,3 Beds,2 Baths,"North Karachi - Sector 3, Karachi•"
Rs 1.30 Crore,80 SQYD,5 Beds,4 Baths,"North Karachi - Sector 5-C/1, Karachi•"
Rs 1.22 Crore,80 SQYD,4 Beds,3 Baths,"North Karachi - Sector 4, Karachi•"
Rs 2.60 Crore,120 SQYD,6 Beds,6 Baths,"North Karachi - Sector 8, Karachi•"
Rs 2.40 Crore,120 SQYD,4 Beds,5 Baths,"North Karachi - Sector 8, Karachi•"
Rs 77 Lacs,80 SQYD,3 Beds,2 Baths,"North Karachi - Sector 3, Karachi•"
Rs 2.75 Crore,"1,785 SQFT",3 Beds,3 Baths,"Naya Nazimabad, Karachi•"
Rs 2.99 Crore,"1,775 SQFT",3 Beds,4 Baths,"Naya Nazimabad, Karachi•"
Rs 2.08 Crore,"1,249 SQFT",2 Beds,2 Baths,"Naya Nazimabad, Karachi•"
Rs 15 Lacs,50 SQFT,0,0,"North Town Residency, Karachi•"
Rs 1.72 Crore,152 SQYD,3 Beds,3 Baths,"Bahria Homes - Iqbal Villas, Karachi•"
Rs 1.35 Crore,125 SQYD,3 Beds,3 Baths,"Bahria Town - Precinct 11-B, Karachi•"
Rs 3.25 Crore,400 SQYD,0,0,"Capital Cooperative Housing Society, Karachi•"
Rs 1.60 Crore,"1,200 SQFT",2 Beds,3 Baths,"Scheme 33, Karachi•"
Rs 3.65 Crore,"2,000 SQFT",4 Beds,4 Baths,"Kings Presidency, Karachi•"
Rs 1.05 Crore,900 SQFT,2 Beds,2 Baths,"Cantt View Lodges, Karachi•"
Rs 1.05 Crore,840 SQFT,2 Beds,2 Baths,"Capital Cooperative Housing Society, Karachi•"
Rs 29 Lacs,600 SQFT,2 Beds,2 Baths,"Korangi - Sector 48-B, Karachi•"
Rs 75 Lacs,120 SQYD,0,0,"Gulshan-e-Maymar, Karachi•"
Rs 11 Lacs,50 SQFT,0,0,"North Town Residency, Karachi•"
Rs 1.99 Crore,"1,250 SQFT",2 Beds,3 Baths,"Naya Nazimabad, Karachi•"
Rs 13 Crore,"2,400 SQYD",0,0,"SITE Phase 2, Karachi•"
Rs 7.50 Crore,"2,400 SQYD",0,0,"SITE Phase 2, Karachi•"
Rs 3.50 Crore,"1,017 SQYD",0,0,"Surjani Town - Sector 8, Karachi•"
Rs 9.50 Crore,500 SQYD,0,0,"New Karachi, Karachi•"
Rs 1.52 Crore,120 SQYD,0,0,"Naya Nazimabad - Block M, Karachi•"
Rs 7.90 Crore,500 SQYD,3 Beds,3 Baths,"North Nazimabad - Block D, Karachi•"
Rs 1.85 Crore,120 SQYD,4 Beds,4 Baths,"North Karachi - Sector 8, Karachi•"
Rs 45 Lacs,550 SQFT,2 Beds,2 Baths,"North Karachi - Sector 5-K, Karachi•"
"Rs 42,000",120 SQYD,0,0,"Falaknaz Dreams, Karachi•"
Rs 2.08 Crore,"1,249 SQFT",2 Beds,2 Baths,"Naya Nazimabad, Karachi•"
Rs 58 Lacs,200 SQFT,0,0,"North Karachi - Sector 11A, Karachi•"
Rs 2.70 Crore,400 SQYD,0,0,"Surjani Town - Sector 7B, Karachi•"
Rs 1.35 Crore,240 SQYD,0,0,"Gulshan-e-Maymar - Sector S, Karachi•"
Rs 1.45 Crore,"1,200 SQFT",2 Beds,2 Baths,"North Nazimabad - Block K, Karachi•"
Rs 2.25 Crore,160 SQYD,6 Beds,6 Baths,"Saima Arabian Villas, Karachi•"
Rs 4 Lac,96 SQFT,0,0,"North Town Residency, Karachi•"
Rs 2.60 Crore,"1,850 SQFT",3 Beds,3 Baths,"Jinnah Avenue, Karachi•"
Rs 1.54 Crore,152 SQYD,3 Beds,3 Baths,"Bahria Homes - Iqbal Villas, Karachi•"
Rs 7.20 Lac,60 SQFT,0,0,"North Karachi, Karachi•"
Rs 32 Lacs,120 SQYD,0,0,"North Karachi, Karachi•"
Rs 1.25 Crore,"1,100 SQFT",2 Beds,2 Baths,"Rainbow Towers And Shopping Mall, Karachi•"
Rs 8.50 Crore,375 SQYD,5 Beds,6 Baths,"Askari 5 - Sector J, Karachi•"
Rs 2.04 Crore,"1,250 SQFT",2 Beds,3 Baths,"Naya Nazimabad, Karachi•"
Rs 1.75 Crore,"1,250 SQFT",2 Beds,3 Baths,"Naya Nazimabad, Karachi•"
Rs 65 Lacs,85 SQYD,2 Beds,2 Baths,"Malir, Karachi•"
Rs 55 Lacs,90 SQYD,2 Beds,2 Baths,"Surjani Town - Sector 4D, Karachi•"
Rs 41 Lacs,84 SQYD,2 Beds,2 Baths,"Surjani Town - Sector 4D, Karachi•"
Rs 23 Lacs,450 SQFT,2 Beds,2 Baths,"Allahwala Town - Sector 31-B, Karachi•"
Rs 24 Lacs,50 SQYD,2 Beds,2 Baths,"Allahwala Town, Karachi•"
Rs 28 Lacs,50 SQYD,Studio,1 Bath,"Allahwala Town, Karachi•"
Rs 25 Lacs,450 SQFT,2 Beds,1 Bath,"Allahwala Town, Karachi•"
Rs 22 Lacs,450 SQFT,2 Beds,1 Bath,"Allahwala Town, Karachi•"
Rs 26 Lacs,50 SQYD,2 Beds,1 Bath,"Allahwala Town, Karachi•"
Rs 23.50 Lacs,45 SQYD,2 Beds,2 Baths,"Allahwala Town - Sector 31-G, Karachi•"
Rs 1 Crore,120 SQYD,2 Beds,2 Baths,"Falaknaz Dreams, Karachi•"
Rs 1.35 Crore,120 SQYD,4 Beds,4 Baths,"Falaknaz Dreams, Karachi•"
Rs 33 Lacs,118 SQYD,0,0,"Falaknaz Dreams, Karachi•"
Rs 25 Lacs,540 SQFT,2 Beds,2 Baths,"Allahwala Town - Sector 31-G, Karachi•"
Rs 1.20 Crore,120 SQYD,4 Beds,4 Baths,"Scheme 33, Karachi•"
Rs 15 Lacs,"1,000 SQYD",Studio,1 Bath,"Gadap Town, Karachi•"
Rs 1.60 Crore,120 SQYD,3 Beds,2 Baths,"Nazimabad 2 - Block A, Karachi•"
Rs 4.50 Lac,80 SQYD,0,0,"Al Baqei City, Karachi•"
Rs 2.04 Crore,270 SQYD,3 Beds,4 Baths,"North Nazimabad - Block L, Karachi•"
Rs 7.50 Crore,555 SQYD,0,0,"Gulistan-e-Jauhar Block 1, Karachi•"
Rs 71 Lacs,990 SQFT,2 Beds,2 Baths,"Bahria Apartments, Karachi•"
Rs 3.40 Crore,850 SQFT,Studio,1 Bath,"HMR Waterfront, Karachi•"
Rs 33 Lacs,120 SQYD,0,0,"Saima Green Valley, Karachi•"
Rs 22 Lacs,120 SQYD,0,0,"Scheme 33 - Sector 50, Karachi•"
Rs 50 Lacs,120 SQYD,0,0,"Qureshi Society, Karachi•"
Rs 35 Lacs,120 SQYD,0,0,"Scheme 33 - Sector 27-A, Karachi•"
Rs 1.50 Crore,170 SQYD,3 Beds,3 Baths,"Gulshan-e-Iqbal Town, Karachi•"
Rs 35 Lacs,120 SQYD,0,0,"Scheme 33 - Sector 27-A, Karachi•"
Rs 35 Lacs,120 SQYD,0,0,"AG Sindh Cooperative Housing Society, Karachi•"
Rs 3.40 Crore,"1,800 SQFT",3 Beds,3 Baths,"DHA Phase 6, Karachi•"
Rs 17 Crore,"1,000 SQYD",0,0,"DHA Phase 6, Karachi•"
Rs 4.45 Crore,260 SQYD,0,0,"Darakhshan Villas, Karachi•"
Rs 4.50 Crore,240 SQYD,5 Beds,6 Baths,"Gwalior Cooperative Housing Society, Karachi•"
Rs 12 Lacs,"1,000 SQFT",0,0,"Gadap Town, Karachi•"
Rs 12 Lacs,"1,000 SQFT",Studio,1 Bath,"Gadap Town, Karachi•"
Rs 10 Lacs,"1,000 SQFT",Studio,1 Bath,"Gadap Town, Karachi•"
Rs 12 Lacs,"1,000 SQFT",Studio,1 Bath,"Gadap Town, Karachi•"
Rs 18 Crore,500 SQYD,6 Beds,7 Baths,"DOHS Phase 2, Karachi•"
Rs 1.20 Crore,120 SQYD,4 Beds,4 Baths,"Scheme 33, Karachi•"
Rs 85 Lacs,80 SQYD,6 Beds,4 Baths,"North Karachi, Karachi•"
Rs 7.20 Lac,60 SQFT,0,0,"North Karachi, Karachi•"
Rs 4.50 Crore,288 SQYD,6 Beds,6 Baths,"North Karachi - Sector 11A, Karachi•"
Rs 2.98 Crore,"1,600 SQFT",3 Beds,3 Baths,"Kings Presidency, Karachi•"
Rs 2.95 Crore,240 SQYD,0,0,"Karachi University Housing Society, Karachi•"
Rs 95 Lacs,850 SQFT,2 Beds,2 Baths,"North Nazimabad - Block H, Karachi•"
Rs 21.50 Lacs,125 SQYD,0,0,"DHA City - Sector 13, Karachi•"
Rs 12 Lacs,"1,000 SQFT",Studio,1 Bath,"Gadap Town, Karachi•"
Rs 20 Lacs,"1,000 SQYD",Studio,1 Bath,"Gadap Town, Karachi•"
Rs 20 Lacs,"1,000 SQYD",Studio,1 Bath,"Gadap Town, Karachi•"
Rs 15 Lacs,"1,000 SQYD",Studio,1 Bath,"Gadap Town, Karachi•"
Rs 70 Lacs,700 SQFT,2 Beds,2 Baths,"Daniyal Residency, Karachi•"
Rs 1.30 Crore,"1,250 SQFT",2 Beds,2 Baths,"Tulip Tower, Karachi•"
Rs 65 Lacs,60 SQYD,5 Beds,4 Baths,"Mohammad Nagar, Karachi•"
Rs 39.50 Lacs,320 SQFT,2 Beds,1 Bath,"Ruby Tower, Karachi•"
Rs 1.80 Crore,160 SQYD,2 Beds,2 Baths,"Gulshan-E-Iqbal Block 2, Karachi•"
Rs 4.30 Crore,"2,700 SQFT",3 Beds,4 Baths,"Askari v, Karachi•"
Rs 7.50 Crore,375 SQYD,6 Beds,7 Baths,"Askari 6, Karachi•"
Rs 58 Lacs,75 SQFT,3 Beds,2 Baths,"Gulberg Town, Karachi•"
Rs 58 Lacs,75 SQYD,2 Beds,2 Baths,"Federal B Area - Block 14, Karachi•"
Rs 1.25 Crore,144 SQYD,4 Beds,4 Baths,"Federal B Area, Karachi•"
Rs 4.50 Crore,"1,080 SQFT",3 Beds,3 Baths,"PS Heights, Karachi•"
Rs 18 Crore,500 SQYD,6 Beds,7 Baths,"DOHS Phase 2, Karachi•"
Rs 26.50 Lacs,125 SQYD,0,0,"Bahria Town - Precinct 10-B, Karachi•"
Rs 14.80 Lacs,450 SQFT,2 Beds,1 Bath,"Allahwala Town - Sector 31-B, Karachi•"
Rs 70 Lacs,700 SQFT,2 Beds,2 Baths,"Gulshan-e-Maymar - Sector R, Karachi•"
Rs 84 Lacs,"1,150 SQFT",3 Beds,3 Baths,"Paradise Arcade, Karachi•"
Rs 12 Lacs,"1,000 SQYD",0,0,"Gadap Town, Karachi•"
Rs 2.50 Crore,"2,200 SQFT",4 Beds,5 Baths,"Cantt View Lodges, Karachi•"
Rs 7.20 Lac,60 SQFT,0,0,"North Karachi, Karachi•"
Rs 1.20 Crore,240 SQYD,0,0,"Faridi Niazi Society, Karachi•"
Rs 3.75 Crore,200 SQYD,4 Beds,4 Baths,"PECHS Block 6, Karachi•"
Rs 1.65 Crore,850 SQFT,2 Beds,2 Baths,"Tariq Road, Karachi•"
Rs 4.50 Crore,"1,700 SQFT",3 Beds,3 Baths,"PECHS, Karachi•"
Rs 3.50 Crore,"1,450 SQFT",3 Beds,3 Baths,"PECHS Block 6, Karachi•"
Rs 90 Lacs,400 SQFT,0,0,"PECHS, Karachi•"
Rs 4.50 Crore,"1,800 SQFT",3 Beds,3 Baths,"Sharfabad, Karachi•"
Rs 4.25 Crore,"1,800 SQFT",3 Beds,3 Baths,"Kashmir Road, Karachi•"
Rs 2.10 Crore,950 SQFT,2 Beds,2 Baths,"Bahadurabad, Karachi•"
Rs 2.25 Crore,"1,050 SQFT",2 Beds,2 Baths,"Bahadurabad, Karachi•"
Rs 4.34 Crore,"2,000 SQFT",4 Beds,4 Baths,"Sharfabad, Karachi•"
Rs 3.50 Crore,"1,650 SQFT",3 Beds,3 Baths,"PECHS Block 3, Karachi•"
Rs 1.90 Crore,"1,500 SQFT",3 Beds,3 Baths,"Sharfabad, Karachi•"
Rs 1.50 Crore,"1,100 SQFT",Studio,2 Baths,"Chandni Chowk Society, Karachi•"
Rs 5 Crore,"2,000 SQFT",3 Beds,4 Baths,"Khalid Bin Walid Road, Karachi•"
Rs 3.10 Crore,"1,500 SQFT",3 Beds,3 Baths,"Bahadurabad, Karachi•"
Rs 1.85 Crore,"1,700 SQFT",3 Beds,4 Baths,"Burj-Ul-Harmain, Karachi•"
Rs 7.20 Lac,60 SQFT,0,0,"Surjani Town, Karachi•"
Rs 7.20 Lac,60 SQFT,0,0,"North Karachi, Karachi•"
Rs 12 Lacs,120 SQYD,0,0,"Gulshan-E-Elahi, Karachi•"
Rs 1.10 Crore,540 SQFT,0,0,"DHA Phase 2 Extension, Karachi•"
Rs 2.75 Crore,200 SQYD,4 Beds,5 Baths,"Bahria Town - Precinct 12, Karachi•"
Rs 1.80 Crore,"1,800 SQFT",3 Beds,3 Baths,"Cantt View Lodges, Karachi•"
Rs 4.25 Crore,240 SQYD,6 Beds,7 Baths,"Gulshan-e-Maymar - Sector T, Karachi•"
Rs 2.29 Crore,226 SQYD,0,0,"Sector 31 - Punjabi Saudagar City Phase 2, Karachi•"
Rs 6 Crore,"2,500 SQFT",4 Beds,5 Baths,"Khalid Bin Walid Road, Karachi•"
Rs 1.80 Crore,"1,100 SQFT",2 Beds,2 Baths,"Muslimabad Society, Karachi•"
Rs 4.50 Crore,300 SQYD,4 Beds,4 Baths,"Pechs II, Karachi•"
Rs 4.50 Crore,"1,700 SQFT",3 Beds,3 Baths,"Khalid Bin Walid Road, Karachi•"
Rs 2.90 Crore,"1,100 SQFT",2 Beds,2 Baths,"Muslimabad Society, Karachi•"
Rs 1.35 Crore,"1,000 SQYD",0,0,"Hamdam Society, Karachi•"
Rs 1.25 Crore,300 SQYD,0,0,"Abuzar Ghaffari Cooperative Housing Society, Karachi•"
Rs 1 Crore,600 SQYD,0,0,"Hamdam Society, Karachi•"
Rs 1.20 Crore,212 SQYD,0,0,"Hamdam Society, Karachi•"
Rs 2.85 Crore,400 SQYD,0,0,"Al-Mehran Cooperative Housing Scheme, Karachi•"
Rs 1.35 Crore,600 SQYD,0,0,"Gulshan-e-Mehran - Block 1C, Karachi•"
Rs 3.75 Crore,200 SQYD,0,0,"Saadi Garden - Block 2, Karachi•"
Rs 4.55 Crore,422 SQYD,0,0,"Capital Cooperative Housing Society, Karachi•"
Rs 1.78 Crore,290 SQYD,0,0,"ICI Staff Cooperative Housing Society, Karachi•"
Rs 2.85 Crore,405 SQFT,0,0,"Gulshan-E-Iqbal Block 2, Karachi•"
Rs 4.69 Crore,240 SQYD,6 Beds,6 Baths,"Capital Cooperative Housing Society, Karachi•"
Rs 14.50 Crore,550 SQYD,6 Beds,6 Baths,"Malir Cantonment, Karachi•"
Rs 82 Lacs,120 SQYD,0,0,"Faridi Niazi Society, Karachi•"
Rs 4.84 Crore,500 SQYD,5 Beds,5 Baths,"Bahria Town - Precinct 17, Karachi•"
Rs 1.95 Crore,120 SQYD,4 Beds,6 Baths,"Saadi Town, Karachi•"
Rs 5.35 Crore,500 SQYD,5 Beds,5 Baths,"Bahria Hills, Karachi•"
Rs 3.75 Crore,400 SQYD,6 Beds,7 Baths,"Ahsanabad, Karachi•"
Rs 40 Lacs,"1,100 SQYD",2 Beds,3 Baths,"Bahria Town Karachi, Karachi•"
Rs 1.20 Crore,40 SQYD,0,0,"Tariq Road, Karachi•"
Rs 6.25 Crore,500 SQYD,0,0,"DHA Phase 8, Karachi•"
Rs 1.05 Crore,950 SQFT,2 Beds,2 Baths,"Sania Corner, Karachi•"
Rs 6.75 Crore,960 SQYD,0,0,"Lucknow Society, Karachi•"
Rs 2.85 Crore,240 SQYD,0,0,"Al-Mehran Cooperative Housing Scheme, Karachi•"
Rs 1.14 Crore,600 SQYD,0,0,"Gulshan-e-Mehran - Block 2D, Karachi•"
Rs 5.95 Crore,600 SQYD,0,0,"Tipu Sultan Society, Karachi•"
Rs 55 Lacs,150 SQYD,0,0,"Gulshan-e-Mehran - Block 1C, Karachi•"
Rs 40 Lacs,200 SQYD,0,0,"Gulshan-e-Benazir - Block A, Karachi•"
Rs 24 Lacs,200 SQYD,0,0,"Gulshan-e-Benazir Township Scheme, Karachi•"
Rs 62 Lacs,300 SQYD,0,0,"Gulshan-e-Benazir - Block B, Karachi•"
Rs 24 Lacs,200 SQYD,0,0,"Gulshan-e-Benazir Township Scheme, Karachi•"
Rs 50 Lacs,200 SQYD,0,0,"Gulshan-e-Benazir Township Scheme, Karachi•"
Rs 50 Lacs,200 SQYD,0,0,"Gulshan-e-Benazir - Block A, Karachi•"
Rs 52 Lacs,200 SQYD,0,0,"Gulshan-e-Benazir - Block A, Karachi•"
Rs 18 Crore,"19,200 SQYD",0,0,"Port Qasim, Karachi•"
Rs 6.50 Crore,120 SQYD,0,0,"Gulshan-E-Iqbal Block 1, Karachi•"
Rs 8.25 Crore,375 SQYD,5 Beds,6 Baths,"Askari 5 - Sector J, Karachi•"
Rs 1.25 Crore,120 SQYD,0,0,"Mehran Banglows Town, Karachi•"
Rs 1.10 Crore,120 SQYD,2 Beds,2 Baths,"Saima Villas, Karachi•"
Rs 1.27 Crore,"1,200 SQFT",2 Beds,2 Baths,"Burj-Ul-Harmain, Karachi•"
Rs 4.34 Crore,272 SQYD,5 Beds,6 Baths,"Bahria Town - Precinct 8, Karachi•"
Rs 14.50 Crore,500 SQYD,6 Beds,7 Baths,"DHA Phase 7, Karachi•"
Rs 31 Lacs,550 SQFT,2 Beds,2 Baths,"Liaquatabad - C Area, Karachi•"
Rs 55 Lacs,84 SQYD,6 Beds,1 Bath,"Surjani Town, Karachi•"
Rs 55 Lacs,200 SQYD,0,0,"Gulshan-e-Benazir - Block B, Karachi•"
Rs 9 Crore,400 SQYD,6 Beds,7 Baths,"North Nazimabad - Block I, Karachi•"
Rs 1.56 Crore,80 SQYD,4 Beds,4 Baths,"North Karachi - Sector 5M, Karachi•"
Rs 1.43 Crore,110 SQYD,4 Beds,4 Baths,"North Karachi - Sector 5M, Karachi•"
Rs 11 Crore,200 SQYD,4 Beds,4 Baths,"Pechs II, Karachi•"
Rs 7.50 Crore,150 SQYD,4 Beds,5 Baths,"DHA Phase 7 Extension, Karachi•"
Rs 7.10 Crore,120 SQYD,4 Beds,5 Baths,"DHA Phase 8, Karachi•"
Rs 2.10 Crore,"1,450 SQFT",3 Beds,3 Baths,"Government Teacher Housing Society - Sector 16-A, Karachi•"
Rs 7 Crore,200 SQYD,4 Beds,4 Baths,"DHA Phase 4, Karachi•"
Rs 11 Crore,200 SQYD,4 Beds,5 Baths,"Pechs II, Karachi•"
Rs 2.25 Crore,360 SQFT,0,0,"Gulshan-E-Iqbal Block 2, Karachi•"
Rs 2.29 Crore,"1,455 SQFT",3 Beds,3 Baths,"Harmain Royal Residency, Karachi•"
Rs 4.20 Crore,125 SQYD,6 Beds,6 Baths,"Gulshan-e-Shameem, Karachi•"
Rs 2.25 Crore,"1,450 SQFT",3 Beds,3 Baths,"Harmain Royal Residency, Karachi•"
Rs 65 Lacs,700 SQFT,2 Beds,2 Baths,"Gulshan-E-Iqbal Block 1, Karachi•"
Rs 7.20 Lac,60 SQFT,0,0,"Surjani Town, Karachi•"
Rs 2.65 Crore,272 SQYD,5 Beds,5 Baths,"Bahria Town - Precinct 6, Karachi•"
Rs 4.65 Crore,200 SQYD,6 Beds,7 Baths,"North Nazimabad - Block I, Karachi•"
Rs 1.85 Crore,"1,700 SQFT",3 Beds,4 Baths,"Burj-Ul-Harmain, Karachi•"
Rs 3.65 Crore,"2,200 SQFT",4 Beds,4 Baths,"Kings Presidency, Karachi•"
Rs 32 Lacs,120 SQYD,0,0,"North Karachi, Karachi•"
Rs 16.50 Crore,350 SQYD,5 Beds,5 Baths,"Navy Housing Scheme Karsaz, Karachi•"
Rs 10 Lacs,50 SQFT,0,0,"North Town Residency, Karachi•"
Rs 54 Lacs,600 SQFT,2 Beds,2 Baths,"Federal B Area - Block 18, Karachi•"
Rs 3.30 Crore,240 SQYD,3 Beds,3 Baths,"Gulshan-E-Iqbal Block 2, Karachi•"
Rs 9.60 Crore,300 SQYD,5 Beds,6 Baths,"DHA Phase 7, Karachi•"
Rs 65 Lacs,180 SQFT,0,0,"Gulshan-e-Iqbal - Block 13/D-2, Karachi•"
Rs 80 Lacs,220 SQFT,0,0,"Gulshan-E-Iqbal Block 1, Karachi•"
Rs 3.10 Crore,"1,600 SQFT",4 Beds,5 Baths,"Gulshan-E-Iqbal Block 1, Karachi•"
Rs 55 Lacs,700 SQFT,2 Beds,2 Baths,"Gulshan-E-Iqbal Block 1, Karachi•"
Rs 1.90 Crore,"1,250 SQFT",3 Beds,3 Baths,"Gulshan-E-Iqbal Block 1, Karachi•"
Rs 90 Lacs,850 SQFT,2 Beds,3 Baths,"Capital Cooperative Housing Society, Karachi•"
Rs 1.60 Crore,"1,850 SQFT",3 Beds,4 Baths,"Gulshan-e-Maymar - Sector Y, Karachi•"
Rs 1.14 Crore,"1,080 SQFT",2 Beds,2 Baths,"Gulshan-e-Maymar - Sector Y, Karachi•"
Rs 1.20 Crore,"1,400 SQFT",3 Beds,3 Baths,"Gulshan-E-Iqbal Block 4, Karachi•"
Rs 2.90 Crore,120 SQYD,6 Beds,6 Baths,"Gulshan-e-Shameem, Karachi•"
Rs 1.30 Crore,"1,200 SQFT",2 Beds,2 Baths,"Gulshan-E-Iqbal Block 1, Karachi•"
Rs 5.50 Crore,"1,500 SQFT",3 Beds,3 Baths,"Lakhani Presidency, Karachi•"
Rs 1.10 Crore,750 SQFT,2 Beds,2 Baths,"Federal B Area - Block 12, Karachi•"
Rs 1.35 Crore,235 SQYD,3 Beds,3 Baths,"Bahria Town - Precinct 31, Karachi•"
Rs 1.35 Crore,"1,200 SQFT",3 Beds,2 Baths,"Falaknaz Dynasty, Karachi•"
Rs 26.50 Lacs,125 SQYD,0,0,"Bahria Town - Precinct 10-B, Karachi•"
Rs 12 Lacs,"1,000 SQYD",0,0,"Gadap Town, Karachi•"
Rs 74 Lacs,950 SQFT,2 Beds,2 Baths,"Bahria Apartments, Karachi•"
Rs 10 Lacs,50 SQFT,0,0,"Surjani Town, Karachi•"
Rs 2.95 Crore,240 SQYD,0,0,"Karachi University Housing Society, Karachi•"
Rs 71 Lacs,990 SQFT,2 Beds,2 Baths,"Bahria Apartments, Karachi•"
Rs 25 Lacs,650 SQFT,2 Beds,2 Baths,"Surjani Town, Karachi•"
Rs 13 Crore,400 SQYD,6 Beds,6 Baths,"Gulshan-E-Iqbal Block 2, Karachi•"
Rs 1.56 Crore,83 SQYD,6 Beds,6 Baths,"North Karachi, Karachi•"
Rs 21 Lacs,80 SQFT,0,0,"Gadap Town, Karachi•"
Rs 21 Lacs,80 SQFT,0,0,"Saima Arabian Villas, Karachi•"
Rs 21 Lacs,80 SQFT,0,0,"Surjani Town, Karachi•"
Rs 21 Lacs,80 SQFT,0,0,"North Karachi, Karachi•"
Rs 21 Lacs,80 SQFT,0,0,"North Town Residency, Karachi•"
Rs 7.20 Lac,60 SQFT,0,0,"North Town Residency, Karachi•"
Rs 7.20 Lac,60 SQFT,0,0,"Gadap Town, Karachi•"
Rs 7.20 Lac,60 SQFT,0,0,"Surjani Town, Karachi•"
Rs 7.20 Lac,60 SQFT,0,0,"Saima Arabian Villas, Karachi•"
Rs 6 Lac,50 SQFT,0,0,"Gadap Town, Karachi•"
Rs 6 Lac,50 SQFT,0,0,"Saima Arabian Villas, Karachi•"
Rs 6 Lac,50 SQFT,0,0,"North Karachi, Karachi•"
Rs 6 Lac,50 SQFT,0,0,"Surjani Town, Karachi•"
Rs 2.60 Crore,"1,850 SQFT",3 Beds,3 Baths,"Jinnah Avenue, Karachi•"
Rs 3.65 Crore,"2,200 SQFT",4 Beds,4 Baths,"Kings Presidency, Karachi•"
Rs 1.32 Crore,235 SQYD,3 Beds,3 Baths,"Bahria Town - Precinct 31, Karachi•"
Rs 10 Lacs,50 SQFT,0,0,"Saima Arabian Villas, Karachi•"
Rs 66 Lacs,240 SQYD,0,0,"Pir Ahmed Zaman Town, Karachi•"
Rs 7.20 Lac,60 SQFT,0,0,"North Karachi, Karachi•"
Rs 2.70 Crore,120 SQYD,4 Beds,7 Baths,"Zeenatabad, Karachi•"
Rs 1.28 Crore,125 SQYD,3 Beds,3 Baths,"Bahria Town - Ali Block, Karachi•"
Rs 1.65 Crore,120 SQYD,4 Beds,4 Baths,"North Karachi - Sector 7-D/2, Karachi•"
Rs 10 Lacs,50 SQFT,0,0,"North Town Residency, Karachi•"
Rs 9 Lac,50 SQFT,0,0,"Saima Arabian Villas, Karachi•"
Rs 10 Lacs,50 SQFT,0,0,"Saima Arabian Villas, Karachi•"
Rs 9 Lac,50 SQFT,0,0,"Surjani Town, Karachi•"
Rs 9 Lac,50 SQFT,0,0,"North Karachi, Karachi•"
Rs 9 Lac,50 SQFT,0,0,"Saima Arabian Villas, Karachi•"
Rs 9 Lac,50 SQFT,0,0,"Saima Arabian Villas, Karachi•"
Rs 10 Lacs,50 SQFT,0,0,"Surjani Town, Karachi•"
Rs 2.10 Crore,120 SQYD,6 Beds,7 Baths,"Mashraqi Society, Karachi•"
Rs 2.85 Crore,100 SQYD,4 Beds,5 Baths,"Model Colony - Malir, Karachi•"
Rs 60 Lacs,666 SQFT,2 Beds,2 Baths,"Airport Road, Karachi•"
Rs 2.20 Crore,123 SQYD,Studio,7 Baths,"Model Colony - Malir, Karachi•"
Rs 1.90 Crore,120 SQYD,4 Beds,5 Baths,"Gulshan-e-Roomi, Karachi•"
Rs 3.50 Crore,132 SQYD,4 Beds,4 Baths,"Model Colony - Malir, Karachi•"
Rs 2.29 Crore,140 SQYD,2 Beds,3 Baths,"Model Colony - Malir, Karachi•"
Rs 58 Lacs,955 SQFT,2 Beds,2 Baths,"Bahria Apartments, Karachi•"
Rs 12 Lacs,"1,000 SQYD",0,0,"Gadap Town, Karachi•"
Rs 8.25 Crore,375 SQYD,5 Beds,6 Baths,"Askari 5 - Sector J, Karachi•"
Rs 1.45 Crore,"1,200 SQFT",2 Beds,2 Baths,"North Nazimabad - Block K, Karachi•"
Rs 80 Lacs,120 SQYD,0,0,"North Town Residency, Karachi•"
Rs 5.25 Crore,"2,200 SQFT",3 Beds,3 Baths,"Khalid Bin Walid Road, Karachi•"
Rs 65 Lacs,120 SQYD,0,0,"Malir Town Residency - Phase 2, Karachi•"
Rs 1.85 Crore,"1,350 SQFT",2 Beds,3 Baths,"Callachi Cooperative Housing Society, Karachi•"
Rs 7.75 Crore,500 SQYD,0,0,"DHA Phase 8 - Zone E, Karachi•"
Rs 1.20 Crore,120 SQYD,4 Beds,4 Baths,"Moinabad, Karachi•"
Rs 95 Lacs,72 SQYD,2 Beds,3 Baths,"Model Colony - Malir, Karachi•"
Rs 1.60 Crore,120 SQYD,4 Beds,7 Baths,"Falaknaz Dreams, Karachi•"
Rs 2.75 Crore,200 SQYD,6 Beds,7 Baths,"Model Colony - Malir, Karachi•"
Rs 3.60 Crore,215 SQYD,6 Beds,7 Baths,"Airport Road, Karachi•"
Rs 1.60 Crore,100 SQYD,6 Beds,7 Baths,"Model Colony - Malir, Karachi•"
Rs 1.70 Crore,120 SQYD,6 Beds,5 Baths,"Airport, Karachi•"
Rs 1.85 Crore,80 SQYD,2 Beds,4 Baths,"Model Colony - Malir, Karachi•"
Rs 2.60 Crore,120 SQYD,4 Beds,5 Baths,"Model Colony - Malir, Karachi•"
Rs 1.50 Crore,80 SQYD,4 Beds,5 Baths,"Model Colony - Malir, Karachi•"
Rs 3.30 Crore,215 SQYD,6 Beds,7 Baths,"Airport Road, Karachi•"
Rs 75 Lacs,120 SQYD,Studio,1 Bath,"Tariq Bin Ziyad Housing Society, Karachi•"
Rs 1.90 Crore,120 SQYD,6 Beds,6 Baths,"Al Falah Society, Karachi•"
Rs 78 Lacs,100 SQYD,2 Beds,2 Baths,"Shamsi Society, Karachi•"
Rs 65 Lacs,100 SQYD,2 Beds,2 Baths,"Shamsi Society, Karachi•"
Rs 1.28 Crore,125 SQYD,3 Beds,3 Baths,"Bahria Town - Ali Block, Karachi•"
Rs 45 Lacs,600 SQFT,2 Beds,2 Baths,"Gulistan-e-Jauhar Block 18, Karachi•"
Rs 1.72 Crore,152 SQYD,3 Beds,3 Baths,"Bahria Homes - Iqbal Villas, Karachi•"
Rs 12 Lacs,"1,000 SQYD",0,0,"Gadap Town, Karachi•"
Rs 25 Crore,"1,000 SQYD",6 Beds,7 Baths,"Gulshan-E-Iqbal Block 8, Karachi•"
Rs 75 Lacs,120 SQYD,0,0,"Gulshan-e-Roomi, Karachi•"
Rs 3.10 Crore,120 SQYD,4 Beds,4 Baths,"North Karachi - Sector 11-C/3, Karachi•"
Rs 35 Lacs,125 SQYD,0,0,"Bahria Town - Ali Block, Karachi•"
Rs 1.85 Crore,"1,700 SQFT",3 Beds,4 Baths,"Burj-Ul-Harmain, Karachi•"
Rs 65 Lacs,100 SQYD,2 Beds,2 Baths,"Shamsi Society, Karachi•"
Rs 1.10 Crore,110 SQYD,3 Beds,3 Baths,"Airport Road, Karachi•"
Rs 1.50 Crore,127 SQYD,2 Beds,3 Baths,"Model Colony - Malir, Karachi•"
Rs 1.60 Crore,180 SQYD,3 Beds,4 Baths,"Airport Road, Karachi•"
Rs 1 Crore,110 SQYD,2 Beds,2 Baths,"Model Colony - Malir, Karachi•"
Rs 6 Lac,"2,200 SQFT",0,0,"DHA Phase 2 Extension, Karachi•"
Rs 1.20 Crore,80 SQYD,2 Beds,2 Baths,"Model Colony - Malir, Karachi•"
Rs 90 Lacs,120 SQYD,0,0,"Airport Road, Karachi•"
Rs 2.40 Crore,120 SQYD,6 Beds,6 Baths,"Model Colony - Malir, Karachi•"
Rs 3.30 Crore,120 SQYD,6 Beds,7 Baths,"Model Colony - Malir, Karachi•"
Rs 2.65 Crore,133 SQYD,4 Beds,5 Baths,"Model Colony - Malir, Karachi•"
Rs 1.20 Crore,100 SQYD,2 Beds,2 Baths,"Airport Road, Karachi•"
Rs 40 Lacs,50 SQYD,1 Bed,1 Bath,"Shahra-e-Faisal, Karachi•"
Rs 3.25 Crore,120 SQYD,6 Beds,7 Baths,"Model Colony - Malir, Karachi•"
Rs 4.50 Crore,240 SQYD,6 Beds,7 Baths,"Saadi Town - Block 4, Karachi•"
Rs 1.68 Crore,200 SQYD,3 Beds,3 Baths,"Bahria Town - Precinct 10-A, Karachi•"
Rs 12 Lacs,120 SQYD,0,0,"Gulshan-E-Elahi, Karachi•"
Rs 5.58 Crore,240 SQYD,6 Beds,6 Baths,"Gulistan-e-Jauhar Block 2, Karachi•"
Rs 1.10 Crore,"1,200 SQYD",0,0,"Dua Green Farmhouse, Karachi•"
Rs 20 Lacs,375 SQFT,1 Bed,1 Bath,"Surjani Town - Sector 7A, Karachi•"
Rs 6.25 Crore,180 SQYD,6 Beds,7 Baths,"Gulshan-e-Iqbal - Block 10-A, Karachi•"
Rs 30 Lacs,650 SQFT,2 Beds,2 Baths,"Surjani Town - Sector 7B, Karachi•"
Rs 12 Lacs,"1,000 SQYD",0,0,"Gadap Town, Karachi•"
Rs 1.36 Crore,235 SQYD,3 Beds,3 Baths,"Bahria Town - Precinct 31, Karachi•"
Rs 1.75 Crore,120 SQYD,4 Beds,4 Baths,"Airport Road, Karachi•"
Rs 8.15 Crore,400 SQYD,6 Beds,7 Baths,"Airport Road, Karachi•"
Rs 3.30 Crore,133 SQYD,6 Beds,7 Baths,"Airport Road, Karachi•"
Rs 3.25 Crore,120 SQYD,4 Beds,4 Baths,"Model Colony - Malir, Karachi•"
Rs 85 Lacs,100 SQYD,2 Beds,2 Baths,"Tariq Bin Ziyad Housing Society, Karachi•"
Rs 4.50 Crore,240 SQYD,6 Beds,7 Baths,"Airport Road, Karachi•"
Rs 1.40 Crore,120 SQYD,2 Beds,3 Baths,"Airport Road, Karachi•"
Rs 1 Crore,181 SQYD,2 Beds,3 Baths,"Shahra-e-Faisal, Karachi•"
Rs 90 Lacs,100 SQYD,2 Beds,3 Baths,"Shahra-e-Faisal, Karachi•"
Rs 3.25 Crore,600 SQYD,0,0,"Ali Garh Society, Karachi•"
Rs 2.50 Crore,240 SQYD,0,0,"Meerut Society, Karachi•"
Rs 3.90 Crore,600 SQYD,0,0,"Meerut Society, Karachi•"
Rs 3.25 Crore,600 SQYD,0,0,"Ali Garh Society - Sector 5A, Karachi•"
Rs 1.25 Crore,200 SQYD,0,0,"Garden City - Block A, Karachi•"
Rs 4.45 Crore,633 SQYD,0,0,"Meerut Society, Karachi•"
Rs 1.05 Crore,125 SQYD,3 Beds,3 Baths,"Bahria Town - Precinct 10-B, Karachi•"
Rs 1.25 Crore,500 SQYD,0,0,"DHA City - Sector 6, Karachi•"
Rs 1.60 Crore,"1,200 SQFT",2 Beds,3 Baths,"Scheme 33, Karachi•"
Rs 20 Lacs,375 SQFT,1 Bed,1 Bath,"Surjani Town - Sector 7A, Karachi•"
Rs 1.60 Crore,"1,200 SQFT",2 Beds,3 Baths,"Bahadurabad, Karachi•"
Rs 3.95 Crore,258 SQYD,6 Beds,6 Baths,"Gulshan-e-Maymar - Sector Q, Karachi•"
Rs 2.70 Crore,120 SQYD,4 Beds,7 Baths,"Zeenatabad, Karachi•"
Rs 85 Lacs,900 SQFT,Studio,1 Bath,"Allahwala Town, Karachi•"
Rs 2.95 Crore,120 SQYD,4 Beds,5 Baths,"Hansa Society, Karachi•"
Rs 3.95 Crore,600 SQYD,0,0,"Meerut Society, Karachi•"
Rs 4.15 Crore,600 SQYD,0,0,"Meerut Society, Karachi•"
Rs 2.65 Crore,223 SQYD,0,0,"Meerut Society, Karachi•"
Rs 1.25 Crore,200 SQYD,0,0,"Garden City - Block A, Karachi•"
Rs 1.55 Crore,400 SQYD,0,0,"Garden City - Block A, Karachi•"
Rs 2.10 Crore,200 SQYD,0,0,"Ali Garh Society - Sector 9A1, Karachi•"
Rs 75 Lacs,"1,050 SQFT",2 Beds,2 Baths,"Scheme 33, Karachi•"
Rs 2.35 Crore,600 SQYD,0,0,"Ali Garh Society, Karachi•"
Rs 3.30 Crore,470 SQYD,0,0,"Meerut Society, Karachi•"
Rs 1.95 Crore,400 SQYD,0,0,"Ali Garh Society - Sector 5A, Karachi•"
Rs 2.65 Crore,240 SQYD,0,0,"Meerut Society, Karachi•"
Rs 1.55 Crore,400 SQYD,0,0,"Garden City, Karachi•"
Rs 3.95 Crore,600 SQYD,0,0,"Ali Garh Society - Sector 9A1, Karachi•"
Rs 2.95 Crore,400 SQYD,0,0,"Meerut Society, Karachi•"
Rs 4.09 Crore,600 SQYD,0,0,"Meerut Society, Karachi•"
Rs 7.20 Lac,60 SQFT,0,0,"North Town Residency, Karachi•"
Rs 1.10 Crore,540 SQFT,0,0,"DHA Phase 2 Extension, Karachi•"
Rs 14.50 Crore,550 SQYD,6 Beds,6 Baths,"Malir Cantonment, Karachi•"
Rs 90 Lacs,900 SQFT,2 Beds,2 Baths,"North Nazimabad - Block L, Karachi•"
Rs 23.50 Crore,500 SQYD,6 Beds,6 Baths,"DHA Phase 8, Karachi•"
Rs 5.80 Crore,300 SQYD,5 Beds,6 Baths,"Askari 6, Karachi•"
Rs 1.25 Crore,120 SQYD,0,0,"Punjabi Saudagar Society Phase 2, Karachi•"
Rs 75 Lacs,120 SQYD,0,0,"Gulshan-e-Maymar, Karachi•"
Rs 30 Lacs,650 SQFT,2 Beds,2 Baths,"Surjani Town - Sector 7B, Karachi•"
Rs 2.95 Crore,600 SQYD,0,0,"Meerut Society, Karachi•"
Rs 1.35 Crore,200 SQYD,0,0,"Garden City - Block A, Karachi•"
Rs 4.95 Crore,240 SQYD,6 Beds,6 Baths,"Meerut Society, Karachi•"
Rs 13 Crore,500 SQYD,6 Beds,5 Baths,"DHA Defence, Karachi•"
Rs 2.50 Crore,"2,100 SQFT",4 Beds,4 Baths,"DHA Defence, Karachi•"
Rs 2.50 Crore,386 SQFT,0,0,"DHA Phase 2 Extension, Karachi•"
Rs 55 Lacs,"1,600 SQFT",0,0,"DHA Phase 2 Extension, Karachi•"
Rs 90 Lacs,900 SQFT,Studio,1 Bath,"DHA Phase 2 Extension, Karachi•"
Rs 35 Lacs,550 SQFT,0,0,"DHA Phase 2 Extension, Karachi•"
Rs 1.20 Crore,900 SQFT,Studio,1 Bath,"DHA Phase 2 Extension, Karachi•"
Rs 1.70 Crore,"1,000 SQFT",0,0,"DHA Phase 2 Extension, Karachi•"
Rs 17.50 Crore,200 SQYD,0,0,"DHA Phase 8, Karachi•"
Rs 3 Crore,100 SQYD,0,0,"DHA Phase 7 Extension, Karachi•"
Rs 3.20 Crore,"2,000 SQFT",3 Beds,4 Baths,"North Nazimabad - Block B, Karachi•"
Rs 2.80 Crore,240 SQYD,0,0,"Korangi Industrial Area, Karachi•"
Rs 1.60 Crore,"1,200 SQFT",2 Beds,3 Baths,"Jinnah Avenue, Karachi•"
Rs 43 Crore,"2,000 SQYD",0,0,"Gizri, Karachi•"
Rs 37 Lacs,80 SQYD,0,0,"North Town Residency, Karachi•"
Rs 2 Crore,152 SQYD,3 Beds,3 Baths,"Bahria Town - Precinct 2, Karachi•"
Rs 1.10 Crore,540 SQFT,0,0,"DHA Phase 2 Extension, Karachi•"
Rs 1.60 Crore,120 SQYD,3 Beds,2 Baths,"Nazimabad 2 - Block A, Karachi•"
Rs 2.85 Crore,120 SQYD,2 Beds,2 Baths,"Metrovil Colony - Block 1/1, Karachi•"
Rs 1.12 Crore,125 SQYD,3 Beds,3 Baths,"Bahria Town - Precinct 11-B, Karachi•"
Rs 4.90 Crore,200 SQYD,6 Beds,7 Baths,"Sindh Baloch Housing Society, Karachi•"
Rs 9.50 Crore,520 SQFT,0,0,"Tariq Road, Karachi•"
Rs 1.35 Crore,"1,250 SQFT",2 Beds,2 Baths,"North Nazimabad - Block M, Karachi•"
Rs 3.85 Crore,"1,800 SQFT",3 Beds,4 Baths,"North Nazimabad - Block A, Karachi•"
Rs 2.29 Crore,"1,650 SQFT",3 Beds,4 Baths,"Scheme 33, Karachi•"
Rs 1.73 Crore,"1,250 SQFT",2 Beds,3 Baths,"Scheme 33, Karachi•"
Rs 4.80 Crore,"2,000 SQFT",3 Beds,4 Baths,"North Nazimabad - Block B, Karachi•"
Rs 95 Lacs,700 SQFT,2 Beds,2 Baths,"Nazimabad 1, Karachi•"
Rs 4.90 Crore,"2,200 SQFT",3 Beds,4 Baths,"North Nazimabad - Block F, Karachi•"
Rs 3.10 Crore,"1,600 SQFT",3 Beds,3 Baths,"North Nazimabad - Block H, Karachi•"
Rs 3.70 Crore,"1,800 SQFT",3 Beds,3 Baths,"Lucky One Apartment, Karachi•"
Rs 2.10 Crore,750 SQFT,2 Beds,2 Baths,"North Nazimabad - Block F, Karachi•"
Rs 4.75 Crore,"2,000 SQFT",3 Beds,4 Baths,"North Nazimabad - Block F, Karachi•"
Rs 5.25 Crore,"3,334 SQFT",4 Beds,4 Baths,"Lucky One Apartment, Karachi•"
Rs 4.80 Crore,"2,200 SQFT",3 Beds,4 Baths,"North Nazimabad - Block B, Karachi•"
Rs 4.75 Crore,"2,200 SQFT",3 Beds,4 Baths,"North Nazimabad - Block F, Karachi•"
Rs 8 Lac,600 SQFT,0,0,"Surjani Town - Sector 5D, Karachi•"
Rs 1.50 Crore,"1,050 SQFT",2 Beds,2 Baths,"Sumaira Residency, Karachi•"
Rs 25 Lacs,540 SQFT,2 Beds,2 Baths,"Allahwala Town - Sector 31-G, Karachi•"
Rs 7.20 Lac,60 SQFT,0,0,"North Town Residency, Karachi•"
Rs 5.35 Crore,500 SQYD,5 Beds,5 Baths,"Bahria Hills, Karachi•"
Rs 10 Crore,120 SQYD,0,0,"New Karachi, Karachi•"
Rs 95 Lacs,80 SQYD,2 Beds,2 Baths,"Diamond City, Karachi•"
Rs 1.75 Crore,192 SQYD,0,0,"Korangi - Sector 35-C, Karachi•"
Rs 2.50 Crore,"2,200 SQFT",4 Beds,5 Baths,"Cantt View Lodges, Karachi•"
Rs 3 Crore,"1,500 SQFT",3 Beds,3 Baths,"North Nazimabad - Block F, Karachi•"
Rs 3.10 Crore,"1,500 SQFT",3 Beds,3 Baths,"North Nazimabad, Karachi•"
Rs 4.80 Crore,"2,100 SQFT",3 Beds,4 Baths,"North Nazimabad - Block B, Karachi•"
Rs 15.85 Crore,"3,500 SQFT",4 Beds,5 Baths,"HMR Waterfront, Karachi•"
Rs 6.50 Crore,"3,300 SQFT",4 Beds,5 Baths,"Lucky One Apartment, Karachi•"
Rs 4.70 Crore,"2,450 SQFT",3 Beds,4 Baths,"Lucky One Apartment, Karachi•"
Rs 7.10 Crore,"2,218 SQFT",3 Beds,3 Baths,"Grove Residency, Karachi•"
Rs 8.65 Crore,"2,703 SQFT",3 Beds,4 Baths,"Grove Residency, Karachi•"
Rs 4.80 Crore,"1,020 SQFT",1 Bed,1 Bath,"DHA Phase 8, Karachi•"
Rs 2.18 Crore,976 SQFT,2 Beds,2 Baths,"North Nazimabad - Block H, Karachi•"
Rs 2.98 Crore,"1,335 SQFT",3 Beds,3 Baths,"North Nazimabad - Block H, Karachi•"
Rs 6.50 Crore,375 SQFT,0,0,"North Nazimabad, Karachi•"
Rs 3.30 Crore,"1,600 SQFT",3 Beds,4 Baths,"North Nazimabad - Block L, Karachi•"
Rs 5 Crore,"2,100 SQFT",3 Beds,3 Baths,"North Nazimabad - Block F, Karachi•"
Rs 3.10 Crore,"2,400 SQFT",3 Beds,3 Baths,"North Nazimabad - Block B, Karachi•"
Rs 1.88 Crore,120 SQYD,4 Beds,4 Baths,"Saima Arabian Villas, Karachi•"
Rs 2.29 Crore,240 SQYD,3 Beds,4 Baths,"Nazimabad 4 - Block B, Karachi•"
Rs 6 Lac,50 SQFT,0,0,"Gadap Town, Karachi•"
Rs 28 Lacs,650 SQFT,2 Beds,2 Baths,"Surjani Town - Sector 7A, Karachi•"
Rs 2.25 Crore,160 SQYD,6 Beds,6 Baths,"Saima Arabian Villas, Karachi•"
Rs 10 Lacs,50 SQFT,0,0,"Saima Arabian Villas, Karachi•"
Rs 85 Lacs,120 SQYD,3 Beds,3 Baths,"Gulistan-e-Jauhar Block 11, Karachi•"
Rs 85 Lacs,120 SQYD,0,0,"Saadi Garden, Karachi•"
Rs 12 Lacs,"1,000 SQFT",0,0,"Gadap Town, Karachi•"
Rs 65 Lacs,125 SQYD,0,0,"Bahria Town - Precinct 12, Karachi•"
Rs 3.70 Crore,"1,800 SQFT",3 Beds,3 Baths,"Lucky One Apartment, Karachi•"
Rs 5.25 Crore,"3,334 SQFT",4 Beds,4 Baths,"Lucky One Apartment, Karachi•"
Rs 3.60 Crore,"1,700 SQFT",3 Beds,3 Baths,"North Nazimabad - Block F, Karachi•"
Rs 3.30 Crore,"1,600 SQFT",3 Beds,3 Baths,"North Nazimabad - Block L, Karachi•"
Rs 6.50 Crore,"3,233 SQFT",4 Beds,4 Baths,"Lucky One Apartment, Karachi•"
Rs 3.60 Crore,"1,700 SQFT",3 Beds,4 Baths,"North Nazimabad - Block F, Karachi•"
Rs 3.60 Crore,"1,750 SQFT",3 Beds,3 Baths,"North Nazimabad - Block F, Karachi•"
Rs 2.35 Crore,"1,000 SQFT",2 Beds,2 Baths,"North Nazimabad - Block F, Karachi•"
Rs 2.10 Crore,750 SQFT,2 Beds,2 Baths,"North Nazimabad - Block F, Karachi•"
Rs 6.50 Crore,"3,334 SQFT",4 Beds,5 Baths,"Lucky One Apartment, Karachi•"
Rs 2.70 Crore,"1,450 SQFT",3 Beds,3 Baths,"North Nazimabad - Block B, Karachi•"
Rs 3.50 Crore,"1,600 SQFT",3 Beds,4 Baths,"North Nazimabad - Block F, Karachi•"
Rs 2 Crore,200 SQYD,3 Beds,3 Baths,"North Karachi - Sector 11-C/2, Karachi•"
Rs 45 Lacs,650 SQFT,2 Beds,2 Baths,"Gulshan-e-Iqbal - Block 10-A, Karachi•"
Rs 4.25 Crore,240 SQYD,0,0,"Cantt Bazar, Karachi•"
Rs 10 Lacs,50 SQFT,0,0,"North Karachi, Karachi•"
Rs 1.20 Crore,240 SQYD,0,0,"Faridi Niazi Society, Karachi•"
Rs 2.65 Crore,"2,160 SQYD",0,0,"Capital Cooperative Housing Society, Karachi•"
Rs 1.38 Crore,125 SQYD,3 Beds,3 Baths,"Bahria Town - Precinct 12, Karachi•"
Rs 28 Lacs,650 SQFT,2 Beds,2 Baths,"Surjani Town - Sector 7A, Karachi•"
Rs 70 Lacs,750 SQFT,3 Beds,3 Baths,"North Karachi, Karachi•"
Rs 2.80 Crore,"1,440 SQFT",4 Beds,3 Baths,"Saima Elite Villas, Karachi•"
Rs 8 Lac,600 SQFT,0,0,"Surjani Town - Sector 5D, Karachi•"
Rs 75 Lacs,120 SQYD,3 Beds,2 Baths,"Gulistan-e-Jauhar Block 10, Karachi•"
Rs 75 Lacs,120 SQYD,3 Beds,3 Baths,"Gulistan-e-Jauhar Block 10, Karachi•"
Rs 65 Lacs,80 SQYD,3 Beds,3 Baths,"Gulistan-e-Jauhar Block 10, Karachi•"
Rs 80 Lacs,120 SQYD,3 Beds,2 Baths,"Gulistan-e-Jauhar Block 10, Karachi•"
Rs 1.20 Crore,120 SQYD,2 Beds,2 Baths,"Alize Garden, Karachi•"
Rs 2.75 Crore,"1,500 SQFT",3 Beds,3 Baths,"Gulshan-E-Iqbal Block 7, Karachi•"
Rs 52 Lacs,650 SQFT,2 Beds,2 Baths,"Gulshan-e-Iqbal - Block 4A, Karachi•"
Rs 33 Lacs,195 SQFT,0,0,"Badar Commercial Area, Karachi•"
Rs 1.24 Crore,900 SQFT,2 Beds,2 Baths,"DHA Phase 2 Extension, Karachi•"
Rs 12.90 Crore,600 SQYD,6 Beds,6 Baths,"DHA Phase 7, Karachi•"
Rs 1.30 Crore,"1,100 SQFT",3 Beds,3 Baths,"Upper Gizri, Karachi•"
Rs 2.70 Crore,"1,250 SQFT",3 Beds,4 Baths,"Frere Town, Karachi•"
Rs 1 Crore,"1,300 SQFT",3 Beds,3 Baths,"Firdos Colony, Karachi•"
Rs 1.40 Crore,120 SQYD,5 Beds,4 Baths,"Falaknaz Dreams, Karachi•"
Rs 45 Lacs,120 SQYD,0,0,"Falaknaz Dreams, Karachi•"
Rs 66 Lacs,240 SQYD,0,0,"Pir Ahmed Zaman Town, Karachi•"
Rs 6.30 Crore,240 SQYD,6 Beds,7 Baths,"Gulshan-e-Iqbal - Block 10-A, Karachi•"
Rs 1.55 Crore,120 SQYD,3 Beds,3 Baths,"Gulshan-e-Roomi, Karachi•"
Rs 75 Lacs,120 SQYD,0,0,"Gulshan-e-Maymar, Karachi•"
Rs 98 Lacs,600 SQFT,0,0,"North Karachi - Sector 11A, Karachi•"
Rs 1.70 Crore,120 SQYD,6 Beds,6 Baths,"North Karachi - Sector 8, Karachi•"
Rs 40 Crore,200 SQYD,0,0,"Bukhari Commercial Area, Karachi•"
Rs 29 Lacs,600 SQFT,2 Beds,2 Baths,"Korangi - Sector 48-B, Karachi•"
Rs 30 Lacs,650 SQFT,2 Beds,2 Baths,"Surjani Town - Sector 7B, Karachi•"
Rs 95 Lacs,400 SQYD,0,0,"Gulshan-e-Mehran - Block 1C, Karachi•"
Rs 60 Lacs,550 SQFT,2 Beds,2 Baths,"Upper Gizri, Karachi•"
Rs 85 Lacs,750 SQFT,2 Beds,2 Baths,"Gulshan-e-Iqbal - Block 4A, Karachi•"
Rs 43 Lacs,120 SQYD,0,0,"Malir Town Residency, Karachi•"
Rs 50 Lacs,120 SQYD,0,0,"Alize Garden, Karachi•"
Rs 1.20 Crore,120 SQYD,5 Beds,4 Baths,"Falaknaz Dreams, Karachi•"
Rs 1.10 Crore,120 SQYD,2 Beds,2 Baths,"Alize Garden, Karachi•"
Rs 1.50 Crore,120 SQYD,6 Beds,5 Baths,"Falaknaz Dreams, Karachi•"
Rs 1.20 Crore,120 SQFT,3 Beds,3 Baths,"Alize Garden, Karachi•"
Rs 84 Lacs,60 SQYD,4 Beds,3 Baths,"Falaknaz Dreams, Karachi•"
Rs 70 Lacs,900 SQFT,2 Beds,2 Baths,"Firdos Colony, Karachi•"
Rs 5.50 Crore,240 SQYD,6 Beds,6 Baths,"Gulshan-E-Iqbal Block 1, Karachi•"
Rs 1.60 Crore,"1,600 SQFT",3 Beds,3 Baths,"Rainbow Towers And Shopping Mall, Karachi•"
Rs 7.80 Crore,500 SQYD,6 Beds,6 Baths,"DHA Phase 5, Karachi•"
Rs 3.95 Crore,240 SQYD,6 Beds,7 Baths,"Gulshan-e-Maymar - Sector R, Karachi•"
Rs 1.60 Crore,"1,200 SQFT",2 Beds,3 Baths,"Gulshan-e-Iqbal Town, Karachi•"
Rs 7.20 Lac,60 SQFT,0,0,"Surjani Town, Karachi•"
Rs 55 Lacs,700 SQFT,2 Beds,2 Baths,"Scheme 33, Karachi•"
Rs 1.05 Crore,120 SQFT,0,0,"Cantt Bazar, Karachi•"
Rs 2 Crore,152 SQYD,3 Beds,3 Baths,"Bahria Town - Precinct 2, Karachi•"
Rs 1.70 Crore,120 SQYD,6 Beds,6 Baths,"North Karachi - Sector 8, Karachi•"
Rs 4.50 Crore,288 SQYD,6 Beds,6 Baths,"North Karachi - Sector 11A, Karachi•"
Rs 70 Lacs,955 SQFT,2 Beds,2 Baths,"Bahria Apartments, Karachi•"
Rs 56 Lacs,120 SQYD,0,0,"Saadi Garden, Karachi•"
Rs 4 Crore,120 SQYD,4 Beds,5 Baths,"North Karachi - Sector 9, Karachi•"
Rs 3.25 Crore,200 SQYD,6 Beds,6 Baths,"Gulshan-e-Maymar - Sector Y, Karachi•"
Rs 2.45 Crore,240 SQYD,3 Beds,4 Baths,"Gulshan-e-Maymar - Sector R, Karachi•"
Rs 2.50 Crore,200 SQYD,4 Beds,5 Baths,"Gulshan-e-Maymar - Sector Y, Karachi•"
Rs 1.14 Crore,932 SQFT,2 Beds,2 Baths,"Kashmir Colony, Karachi•"
Rs 74 Lacs,738 SQFT,2 Beds,2 Baths,"Kashmir Colony, Karachi•"
Rs 1.25 Crore,"1,040 SQFT",2 Beds,3 Baths,"Kashmir Colony, Karachi•"
Rs 6.24 Crore,"2,400 SQFT",3 Beds,4 Baths,"Askari iii, Karachi•"
Rs 1.96 Crore,"1,100 SQFT",2 Beds,2 Baths,"Defence Skyline, Karachi•"
Rs 3.10 Crore,"1,700 SQFT",3 Beds,4 Baths,"Defence Skyline, Karachi•"
Rs 2.10 Crore,"1,600 SQFT",Studio,1 Bath,"Upper Gizri, Karachi•"
Rs 2.60 Crore,200 SQYD,6 Beds,7 Baths,"Gulshan-e-Maymar - Sector Y, Karachi•"
Rs 1.80 Crore,120 SQYD,4 Beds,5 Baths,"Gulshan-e-Maymar - Sector Q, Karachi•"
Rs 2.20 Crore,120 SQYD,4 Beds,5 Baths,"Gulshan-e-Maymar - Sector R, Karachi•"
Rs 85 Lacs,850 SQFT,2 Beds,2 Baths,"Upper Gizri, Karachi•"
Rs 55 Lacs,84 SQYD,6 Beds,1 Bath,"Surjani Town, Karachi•"
Rs 1.05 Crore,900 SQFT,2 Beds,2 Baths,"Cantt View Lodges, Karachi•"
Rs 55 Lacs,700 SQFT,2 Beds,2 Baths,"Scheme 33, Karachi•"
Rs 2.25 Crore,145 SQYD,4 Beds,5 Baths,"Gulshan-e-Maymar - Sector R, Karachi•"
Rs 4 Crore,240 SQYD,6 Beds,7 Baths,"Gulshan-e-Maymar - Sector T, Karachi•"
Rs 5.75 Crore,240 SQYD,6 Beds,7 Baths,"Capital Cooperative Housing Society, Karachi•"
Rs 3.85 Crore,240 SQYD,6 Beds,7 Baths,"Gulshan-e-Maymar - Sector T, Karachi•"
Rs 3.50 Crore,240 SQYD,6 Beds,7 Baths,"Gulshan-e-Maymar - Sector R, Karachi•"
Rs 2.15 Crore,120 SQYD,4 Beds,5 Baths,"Gulshan-e-Maymar - Sector R, Karachi•"
Rs 4 Crore,240 SQYD,6 Beds,6 Baths,"Gulshan-e-Maymar - Sector R, Karachi•"
Rs 5.50 Crore,"2,320 SQFT",2 Beds,2 Baths,"Clifton - Block 9, Karachi•"
Rs 7.30 Crore,"2,900 SQFT",4 Beds,4 Baths,"Clifton - Block 8, Karachi•"
Rs 7 Crore,422 SQYD,4 Beds,4 Baths,"Nazimabad 4, Karachi•"
Rs 7.70 Crore,500 SQYD,6 Beds,5 Baths,"Nazimabad 4, Karachi•"
Rs 2.90 Crore,"1,700 SQFT",3 Beds,3 Baths,"Clifton - Block 9, Karachi•"
Rs 25 Crore,"1,000 SQYD",6 Beds,7 Baths,"PECHS, Karachi•"
Rs 3.10 Crore,120 SQYD,2 Beds,2 Baths,"Model Colony - Malir, Karachi•"
Rs 85 Lacs,120 SQYD,0,0,"Radio Pakistan Employees Cooperative Society, Karachi•"
Rs 1.05 Crore,120 SQYD,0,0,"Rok Cooperative Housing Society, Karachi•"
Rs 2.40 Crore,120 SQYD,Studio,1 Bath,"Kazimabad, Karachi•"
Rs 2.10 Crore,120 SQYD,Studio,1 Bath,"Kazimabad, Karachi•"
Rs 1.14 Crore,120 SQYD,0,0,"Sadaf Cooperative Housing Society, Karachi•"
Rs 1.29 Crore,120 SQYD,0,0,"Gandhara Society, Karachi•"
Rs 60 Lacs,120 SQYD,0,0,"Pir Ahmed Zaman Town - Block 4, Karachi•"
Rs 38 Lacs,120 SQYD,0,0,"Pir Gul Hassan Town, Karachi•"
Rs 60 Lacs,400 SQYD,0,0,"Pir Gul Hassan Town, Karachi•"
Rs 33 Lacs,120 SQYD,0,0,"AG Sindh Cooperative Housing Society, Karachi•"
Rs 52 Lacs,432 SQFT,2 Beds,2 Baths,"Saudabad, Karachi•"
Rs 6.50 Crore,400 SQYD,0,0,"Malir Cantonment, Karachi•"
Rs 1.50 Crore,80 SQYD,Studio,1 Bath,"Model Colony - Malir, Karachi•"
Rs 58 Lacs,40 SQYD,2 Beds,2 Baths,"Liaqat Market, Karachi•"
Rs 55 Lacs,40 SQYD,Studio,1 Bath,"Jinnah Square, Karachi•"
Rs 52.50 Lacs,40 SQYD,Studio,1 Bath,"Jinnah Square, Karachi•"
Rs 49.50 Lacs,40 SQYD,Studio,1 Bath,"Jinnah Square, Karachi•"
Rs 47 Lacs,40 SQYD,Studio,1 Bath,"Jinnah Square, Karachi•"
Rs 45 Lacs,40 SQYD,Studio,1 Bath,"Jinnah Square, Karachi•"
Rs 42 Lacs,40 SQYD,Studio,1 Bath,"Jinnah Square, Karachi•"
Rs 40 Lacs,40 SQYD,Studio,1 Bath,"Jinnah Square, Karachi•"
Rs 37 Lacs,40 SQYD,Studio,1 Bath,"Jinnah Square, Karachi•"
Rs 35 Lacs,40 SQYD,Studio,1 Bath,"Jinnah Square, Karachi•"
Rs 37 Lacs,40 SQYD,Studio,1 Bath,"Jinnah Square, Karachi•"
Rs 35 Lacs,40 SQYD,Studio,1 Bath,"Jinnah Square, Karachi•"
Rs 1.65 Crore,"1,250 SQFT",2 Beds,2 Baths,"North Nazimabad - Block N, Karachi•"
Rs 6 Lac,42 Marla,0,0,"Allahwala Town - Sector 31-B, Karachi•"
Rs 15.60 Lacs,42 SQYD,2 Beds,1 Bath,"Allahwala Town - Sector 31-G, Karachi•"
Rs 15.30 Lacs,47 SQYD,2 Beds,1 Bath,"Allahwala Town - Sector 31-B, Karachi•"
Rs 23 Lacs,60 SQYD,2 Beds,2 Baths,"Allahwala Town - Sector 31-G, Karachi•"
Rs 23.80 Lacs,60 SQYD,2 Beds,2 Baths,"Allahwala Town - Sector 31-G, Karachi•"
Rs 1.05 Crore,84 SQYD,6 Beds,4 Baths,"Allahwala Town - Sector 31-G, Karachi•"
Rs 1.10 Crore,80 SQYD,6 Beds,4 Baths,"Bhittai Colony - Block G, Karachi•"
Rs 25 Lacs,40 SQYD,2 Beds,1 Bath,"Bagh-e-Korangi, Karachi•"
Rs 2.98 Crore,120 SQYD,6 Beds,7 Baths,"Bhittai Colony - Block F, Karachi•"
Rs 1.50 Crore,120 SQYD,6 Beds,6 Baths,"Gulshan-e-Malir, Karachi•"
Rs 1.48 Crore,80 SQYD,6 Beds,4 Baths,"Jamia Millia Road, Karachi•"
Rs 27.30 Lacs,80 SQYD,0,0,"Murad Memon Goth, Karachi•"
Rs 27 Lacs,80 SQYD,0,0,"Malir, Karachi•"
"Rs 80,000",500 SQFT,0,0,"Gulshan-e-Maymar - Sector Z, Karachi•"
Rs 58 Lacs,850 SQFT,6 Beds,2 Baths,"Gulshan-e-Maymar - Sector Z, Karachi•"
Rs 1.10 Crore,222 SQYD,0,0,"Gulshan-E-Dad Rahim, Karachi•"
Rs 30 Lacs,100 SQYD,0,0,"Malir, Karachi•"
Rs 1.30 Crore,120 SQYD,5 Beds,5 Baths,"Gulistan-e-Malir, Karachi•"
Rs 7.50 Crore,"1,704 SQFT",2 Beds,3 Baths,"Emaar Panorama, Karachi•"
Rs 3.50 Crore,400 SQFT,0,0,"Liaqat Market, Karachi•"
Rs 11 Lacs,450 SQFT,2 Beds,1 Bath,"Allahwala Town, Karachi•"
Rs 15 Lacs,550 SQFT,2 Beds,2 Baths,"Allahwala Town - Sector 31-B, Karachi•"
Rs 39.79 Lacs,600 SQFT,2 Beds,2 Baths,"Old Jamia Millia Road, Karachi•"
Rs 19 Lacs,600 SQFT,2 Beds,2 Baths,"Allahwala Town - Sector 31-B, Karachi•"
Rs 15 Lacs,450 SQFT,2 Beds,1 Bath,"Allahwala Town - Sector 31-B, Karachi•"
Rs 13 Lacs,450 SQFT,2 Beds,1 Bath,"Allahwala Town - Sector 31-B, Karachi•"
Rs 15 Lacs,550 SQFT,2 Beds,2 Baths,"Allahwala Town - Sector 31-B, Karachi•"
Rs 21 Lacs,450 SQFT,2 Beds,1 Bath,"Allahwala Town - Sector 31-B, Karachi•"
Rs 20 Lacs,600 SQFT,2 Beds,2 Baths,"Allahwala Town - Sector 31-B, Karachi•"
Rs 11 Lacs,450 SQFT,2 Beds,1 Bath,"Allahwala Town, Karachi•"
Rs 24 Lacs,450 SQFT,2 Beds,1 Bath,"Korangi - Sector 31-G, Karachi•"
Rs 16.50 Lacs,450 SQFT,2 Beds,1 Bath,"Allahwala Town - Sector 31-B, Karachi•"
Rs 19 Lacs,550 SQFT,2 Beds,2 Baths,"Allahwala Town - Sector 31-B, Karachi•"
Rs 22 Lacs,450 SQFT,2 Beds,1 Bath,"Allahwala Town - Sector 31-B, Karachi•"
Rs 36 Lacs,800 SQFT,3 Beds,2 Baths,"Korangi - Sector 31-A, Karachi•"
Rs 24 Lacs,450 SQFT,2 Beds,1 Bath,"Korangi - Sector 31-G, Karachi•"
Rs 95 Lacs,120 SQYD,2 Beds,4 Baths,"Saima Green Valley, Karachi•"
Rs 20 Lacs,450 SQFT,2 Beds,1 Bath,"Allahwala Town - Sector 31-B, Karachi•"
Rs 13 Lacs,450 SQFT,2 Beds,1 Bath,"Allahwala Town - Sector 31-B, Karachi•"
Rs 87 Lacs,120 SQYD,2 Beds,2 Baths,"Falaknaz Dreams, Karachi•"
Rs 86 Lacs,120 SQYD,2 Beds,2 Baths,"Falaknaz Dreams, Karachi•"
Rs 30 Lacs,80 SQYD,0,0,"Falaknaz Dreams, Karachi•"
Rs 33 Lacs,120 SQYD,0,0,"Saima Green Valley, Karachi•"
Rs 22.50 Crore,"14,520 SQYD",0,0,"Port Qasim, Karachi•"
Rs 22.50 Crore,"14,520 SQYD",0,0,"Port Qasim, Karachi•"
Rs 65 Lacs,400 SQYD,0,0,"Port Qasim, Karachi•"
Rs 2.65 Crore,800 SQYD,0,0,"Bin Qasim Town, Karachi•"
Rs 22.50 Crore,"14,520 SQYD",0,0,"Port Qasim, Karachi•"
Rs 52.80 Crore,"53,240 SQYD",0,0,"Gadap Town, Karachi•"
Rs 52.80 Crore,"53,240 SQYD",0,0,"Gadap Town, Karachi•"
Rs 2.65 Crore,800 SQYD,0,0,"Bin Qasim Town, Karachi•"
Rs 65 Lacs,400 SQYD,0,0,"Port Qasim, Karachi•"
Rs 52.80 Crore,"53,240 SQYD",0,0,"Gadap Town, Karachi•"
Rs 22.50 Crore,"14,520 SQYD",0,0,"Port Qasim, Karachi•"
Rs 1.50 Crore,"1,200 SQFT",3 Beds,3 Baths,"Gulshan-e-Iqbal, Karachi•"
Rs 3.70 Crore,400 SQYD,0,0,"Gwalior Cooperative Housing Society, Karachi•"
Rs 1.48 Crore,"1,100 SQFT",2 Beds,2 Baths,"Madras Cooperative Housing Society, Karachi•"
Rs 3.60 Crore,600 SQYD,0,0,"Government Teacher Society - Sector 21-A, Karachi•"
Rs 4 Crore,400 SQYD,0,0,"Karachi University Housing Society, Karachi•"
Rs 4.84 Crore,240 SQYD,6 Beds,6 Baths,"Gwalior Cooperative Housing Society, Karachi•"
Rs 1.30 Crore,"1,150 SQFT",3 Beds,3 Baths,"Pilibhit Cooperative Housing Society, Karachi•"
Rs 85 Lacs,"1,050 SQFT",2 Beds,2 Baths,"Rabia Enclave, Karachi•"
Rs 72 Lacs,750 SQFT,2 Beds,2 Baths,"Rabia Enclave, Karachi•"
Rs 2.10 Crore,200 SQYD,0,0,"State Bank of Pakistan Housing Society, Karachi•"
Rs 1.65 Crore,120 SQYD,0,0,"Gwalior Cooperative Housing Society, Karachi•"
Rs 3.10 Crore,240 SQYD,0,0,"Pilibhit Cooperative Housing Society, Karachi•"
Rs 4.50 Crore,"1,072 SQFT",1 Bed,1 Bath,"Emaar Coral Towers, Karachi•"
Rs 55 Lacs,84 SQYD,4 Beds,3 Baths,"Surjani Town - Sector 4A, Karachi•"
Rs 2.65 Crore,800 SQYD,0,0,"Bin Qasim Town, Karachi•"
Rs 65 Lacs,400 SQYD,0,0,"Port Qasim, Karachi•"
Rs 5.50 Crore,240 SQYD,6 Beds,7 Baths,"Sector 25-A - Punjabi Saudagar Multi Purpose Society, Karachi•"
Rs 5.25 Crore,240 SQYD,6 Beds,7 Baths,"Gwalior Cooperative Housing Society, Karachi•"
Rs 4.90 Crore,200 SQYD,6 Beds,7 Baths,"State Bank of Pakistan Housing Society, Karachi•"
Rs 77 Lacs,900 SQFT,2 Beds,2 Baths,"Gwalior Cooperative Housing Society, Karachi•"
Rs 8 Crore,333 SQYD,0,0,"Meerut Society, Karachi•"
Rs 56 Lacs,600 SQFT,2 Beds,2 Baths,"State Bank of Pakistan Housing Society, Karachi•"
Rs 27 Lacs,180 SQFT,0,0,"Gwalior Cooperative Housing Society, Karachi•"
Rs 85 Lacs,120 SQYD,0,0,"Rok Cooperative Housing Society, Karachi•"
Rs 1.75 Crore,220 SQYD,3 Beds,3 Baths,"Gwalior Cooperative Housing Society, Karachi•"
Rs 2.54 Crore,240 SQYD,0,0,"Gwalior Cooperative Housing Society, Karachi•"
Rs 4.65 Crore,240 SQYD,6 Beds,6 Baths,"Pilibhit Cooperative Housing Society, Karachi•"
Rs 75 Lacs,810 SQFT,3 Beds,3 Baths,"Gwalior Cooperative Housing Society, Karachi•"
Rs 2.90 Crore,120 SQYD,4 Beds,5 Baths,"Gwalior Cooperative Housing Society, Karachi•"
Rs 4.80 Crore,227 SQYD,6 Beds,6 Baths,"Gulistan Society Phase 1, Karachi•"
Rs 1.77 Crore,290 SQYD,0,0,"ICI Staff Cooperative Housing Society, Karachi•"
Rs 7.50 Crore,375 SQYD,5 Beds,6 Baths,"Askari 6, Karachi•"
Rs 57 Lacs,900 SQFT,2 Beds,2 Baths,"Surjani Town, Karachi•"
Rs 6.85 Crore,"1,650 SQFT",2 Beds,4 Baths,"Emaar Pearl Towers, Karachi•"
Rs 7.40 Crore,"3,071 SQFT",4 Beds,6 Baths,"Emaar Coral Towers, Karachi•"
Rs 7.85 Crore,"2,200 SQFT",3 Beds,5 Baths,"Emaar Pearl Towers, Karachi•"
Rs 7.95 Crore,"1,945 SQFT",2 Beds,4 Baths,"HMR Waterfront, Karachi•"
Rs 5.15 Crore,"1,150 SQFT",2 Beds,3 Baths,"HMR Waterfront, Karachi•"
Rs 7.50 Crore,"1,650 SQFT",2 Beds,4 Baths,"Emaar Reef Towers, Karachi•"
Rs 10.25 Crore,"2,375 SQFT",3 Beds,5 Baths,"HMR Waterfront, Karachi•"
Rs 11.40 Crore,"2,625 SQFT",3 Beds,5 Baths,"HMR Waterfront, Karachi•"
Rs 8.60 Crore,100 SQYD,0,0,"DHA Phase 8, Karachi•"
Rs 7.80 Crore,"1,639 SQFT",2 Beds,3 Baths,"Emaar Park Edge, Karachi•"
Rs 1.45 Crore,525 SQFT,0,0,"Bukhari Commercial Area, Karachi•"
Rs 8.50 Crore,"2,450 SQFT",3 Beds,5 Baths,"Emaar Pearl Towers, Karachi•"
Rs 1.18 Crore,240 SQYD,0,0,"Fareed Niazi Society, Karachi•"
Rs 10.80 Crore,"3,500 SQFT",2 Beds,3 Baths,"Emaar Pearl Towers, Karachi•"
Rs 9.50 Crore,"1,771 SQFT",2 Beds,3 Baths,"Emaar The Views, Karachi•"
Rs 8.40 Crore,"1,828 SQFT",2 Beds,3 Baths,"Emaar The Views, Karachi•"
Rs 8.30 Crore,"2,484 SQFT",3 Beds,5 Baths,"Emaar Reef Towers, Karachi•"
Rs 8.65 Crore,"2,484 SQFT",3 Beds,5 Baths,"Emaar Reef Towers, Karachi•"
Rs 9 Crore,"2,650 SQFT",4 Beds,6 Baths,"Emaar Pearl Towers, Karachi•"
Rs 75 Lacs,"1,000 SQFT",2 Beds,2 Baths,"North Karachi, Karachi•"
Rs 5.35 Crore,"1,779 SQFT",2 Beds,2 Baths,"Emaar Coral Towers, Karachi•"
Rs 9.75 Crore,"2,500 SQFT",3 Beds,5 Baths,"Emaar Pearl Towers, Karachi•"
Rs 7.10 Crore,"1,739 SQFT",2 Beds,3 Baths,"Emaar Panorama, Karachi•"
Rs 7.25 Crore,"1,640 SQFT",2 Beds,4 Baths,"Emaar Reef Towers, Karachi•"
Rs 85 Lacs,"1,050 SQFT",2 Beds,2 Baths,"Gulistan-e-Jauhar Block 13, Karachi•"
Rs 1.55 Crore,120 SQYD,2 Beds,2 Baths,"Gulistan-e-Jauhar Block 17, Karachi•"
Rs 6.50 Crore,"2,700 SQFT",4 Beds,4 Baths,"Gulshan-e-Iqbal - Block 17, Karachi•"
Rs 80 Lacs,900 SQYD,2 Beds,2 Baths,"Scheme 33 - Sector 18-A, Karachi•"
Rs 70 Lacs,"1,080 SQFT",3 Beds,3 Baths,"Abul Hassan Isphani Road, Karachi•"
Rs 85 Lacs,"1,000 SQFT",2 Beds,2 Baths,"North Karachi, Karachi•"
Rs 1.30 Crore,"1,200 SQFT",3 Beds,3 Baths,"Gulshan-e-Iqbal - Block 19, Karachi•"
Rs 55 Lacs,850 SQFT,2 Beds,2 Baths,"Abul Hassan Isphani Road, Karachi•"
Rs 2.40 Crore,"1,700 SQFT",3 Beds,3 Baths,"Gulshan-E-Iqbal Block 13, Karachi•"
Rs 1.70 Crore,"1,750 SQFT",3 Beds,4 Baths,"Cantt View Lodges, Karachi•"
Rs 77 Lacs,64 SQYD,4 Beds,3 Baths,"Surjani Town - Sector 4D, Karachi•"
Rs 76 Lacs,120 SQYD,0,0,"North Town Residency, Karachi•"
Rs 29.80 Lacs,380 SQYD,1 Bed,1 Bath,"North Karachi, Karachi•"
Rs 2.50 Crore,"1,080 SQFT",2 Beds,2 Baths,"Gulzar-E-Hijri, Karachi•"
Rs 4 Crore,240 SQYD,6 Beds,7 Baths,"Gulshan-e-Maymar, Karachi•"
Rs 10 Crore,616 SQYD,3 Beds,4 Baths,"DHA Phase 4, Karachi•"
Rs 3.25 Crore,200 SQYD,6 Beds,7 Baths,"Gulshan-e-Maymar - Sector X, Karachi•"
Rs 42 Lacs,650 SQFT,2 Beds,2 Baths,"Gulistan-e-Jauhar Block 18, Karachi•"
Rs 2.80 Crore,"1,600 SQFT",3 Beds,3 Baths,"Gulshan-e-Iqbal - Block 13/A, Karachi•"
Rs 6.50 Crore,500 SQYD,0,0,"DHA Phase 8, Karachi•"
Rs 1.60 Crore,"1,600 SQFT",Studio,1 Bath,"Gulistan-e-Jauhar Block 17, Karachi•"
Rs 2 Crore,47 SQYD,0,0,"Clifton, Karachi•"
Rs 95 Lacs,"1,450 SQFT",3 Beds,3 Baths,"Gulistan-e-Jauhar Block 18, Karachi•"
Rs 64 Lacs,"1,000 SQFT",2 Beds,2 Baths,"Gulistan-e-Jauhar Block 18, Karachi•"
Rs 8 Lac,51 SQFT,0,0,"Surjani Town - Sector 5D, Karachi•"
Rs 1.60 Crore,"1,900 SQFT",3 Beds,4 Baths,"Gulistan-e-Jauhar Block 17, Karachi•"
Rs 3 Crore,400 SQFT,0,0,"Gulistan-e-Jauhar Block 18, Karachi•"
Rs 8 Lac,70 SQFT,0,0,"Surjani Town - Sector 5D, Karachi•"
Rs 26 Crore,"1,000 SQYD",6 Beds,7 Baths,"DHA Phase 5, Karachi•"
Rs 13.50 Crore,500 SQYD,6 Beds,7 Baths,"DHA Phase 5, Karachi•"
Rs 13.25 Crore,500 SQYD,5 Beds,6 Baths,"DHA Phase 8, Karachi•"
Rs 9.50 Crore,150 SQYD,5 Beds,5 Baths,"DHA Phase 8, Karachi•"
Rs 80 Lacs,650 SQFT,2 Beds,2 Baths,"North Nazimabad - Block G, Karachi•"
Rs 16.50 Crore,500 SQYD,6 Beds,7 Baths,"DHA Phase 8, Karachi•"
Rs 4.84 Crore,500 SQYD,0,0,"DHA Phase 8, Karachi•"
Rs 3.10 Crore,120 SQYD,6 Beds,6 Baths,"Bufferzone - Sector 15-A/5, Karachi•"
Rs 40 Crore,"1,350 SQYD",6 Beds,6 Baths,"DHA Phase 2, Karachi•"
Rs 1.70 Crore,120 SQYD,4 Beds,3 Baths,"North Karachi - Sector 5-C/1, Karachi•"
Rs 1.60 Crore,"1,200 SQFT",2 Beds,3 Baths,"Scheme 33, Karachi•"
Rs 80 Lacs,120 SQYD,0,0,"North Town Residency, Karachi•"
Rs 32 Lacs,120 SQYD,0,0,"North Karachi, Karachi•"
Rs 4.75 Crore,400 SQYD,4 Beds,7 Baths,"Saadi Town, Karachi•"
Rs 3.95 Crore,258 SQYD,6 Beds,6 Baths,"Gulshan-e-Maymar - Sector Q, Karachi•"
Rs 1.10 Crore,"1,600 SQFT",3 Beds,3 Baths,"North Nazimabad - Block H, Karachi•"
Rs 1.14 Crore,"1,000 SQFT",2 Beds,2 Baths,"Gulshan-E-Iqbal Block 2, Karachi•"
Rs 1.50 Crore,184 SQFT,0,0,"Gulistan-e-Jauhar Block 15, Karachi•"
Rs 90 Lacs,900 SQFT,2 Beds,2 Baths,"North Nazimabad - Block L, Karachi•"
Rs 72 Lacs,60 SQYD,2 Beds,2 Baths,"Azizabad, Karachi•"
Rs 1.50 Crore,"1,200 SQFT",3 Beds,3 Baths,"Gulshan-E-Iqbal Block 2, Karachi•"
Rs 3.50 Crore,260 SQYD,4 Beds,4 Baths,"Gulshan-E-Iqbal Block 1, Karachi•"
Rs 4.80 Crore,240 SQYD,6 Beds,6 Baths,"Gulshan-E-Iqbal Block 1, Karachi•"
Rs 7.50 Crore,250 SQYD,4 Beds,4 Baths,"Clifton - Block 5, Karachi•"
Rs 30 Crore,"2,000 SQYD",0,0,"DHA Phase 8 - Zone D, Karachi•"
Rs 50 Crore,400 SQYD,0,0,"DHA Phase 6, Karachi•"
Rs 4 Crore,120 SQYD,0,0,"DHA Phase 7 Extension, Karachi•"
Rs 30 Crore,"2,000 SQYD",0,0,"DHA Phase 8 - Zone D, Karachi•"
Rs 45 Crore,"1,000 SQYD",5 Beds,5 Baths,"DHA Phase 8 - Zone A, Karachi•"
Rs 6.70 Crore,500 SQYD,0,0,"DHA Phase 5, Karachi•"
Rs 16 Crore,200 SQYD,0,0,"DHA Phase 8 - Zone E, Karachi•"
Rs 260 Crore,"10,000 SQYD",0,0,"Old Sabzi Mandi, Karachi•"
Rs 45 Crore,"1,000 SQYD",5 Beds,5 Baths,"DHA Phase 8 - Zone A, Karachi•"
Rs 6.25 Crore,500 SQYD,0,0,"DHA Phase 8, Karachi•"
Rs 1.10 Crore,125 SQYD,3 Beds,3 Baths,"Bahria Town - Precinct 11-B, Karachi•"
Rs 3.10 Crore,"2,400 SQFT",3 Beds,4 Baths,"Gulshan-E-Iqbal Block 10, Karachi•"
Rs 8.25 Crore,375 SQYD,5 Beds,6 Baths,"Askari 5 - Sector J, Karachi•"
Rs 7.20 Lac,60 SQFT,0,0,"North Karachi, Karachi•"
Rs 3.22 Crore,240 SQYD,0,0,"Gulistan-e-Jauhar - Block 3-A, Karachi•"
Rs 68 Lacs,750 SQFT,2 Beds,2 Baths,"Gulistan-e-Jauhar Block 14, Karachi•"
Rs 1.20 Crore,120 SQYD,4 Beds,4 Baths,"Scheme 33, Karachi•"
Rs 1.60 Crore,"1,200 SQFT",2 Beds,3 Baths,"Gulshan-e-Iqbal Town, Karachi•"
Rs 1.05 Crore,125 SQYD,3 Beds,3 Baths,"Bahria Town - Precinct 10-B, Karachi•"
Rs 72 Lacs,60 SQYD,2 Beds,2 Baths,"Azizabad, Karachi•"
Rs 1.50 Crore,"1,200 SQFT",3 Beds,3 Baths,"Gulshan-E-Iqbal Block 2, Karachi•"
Rs 3.50 Crore,260 SQYD,4 Beds,4 Baths,"Gulshan-E-Iqbal Block 1, Karachi•"
Rs 4.80 Crore,240 SQYD,6 Beds,6 Baths,"Gulshan-E-Iqbal Block 1, Karachi•"
Rs 7.50 Crore,250 SQYD,4 Beds,4 Baths,"Clifton - Block 5, Karachi•"
Rs 30 Crore,"2,000 SQYD",0,0,"DHA Phase 8 - Zone D, Karachi•"
Rs 50 Crore,400 SQYD,0,0,"DHA Phase 6, Karachi•"
Rs 4 Crore,120 SQYD,0,0,"DHA Phase 7 Extension, Karachi•"
Rs 30 Crore,"2,000 SQYD",0,0,"DHA Phase 8 - Zone D, Karachi•"
Rs 45 Crore,"1,000 SQYD",5 Beds,5 Baths,"DHA Phase 8 - Zone A, Karachi•"
Rs 6.70 Crore,500 SQYD,0,0,"DHA Phase 5, Karachi•"
Rs 16 Crore,200 SQYD,0,0,"DHA Phase 8 - Zone E, Karachi•"
Rs 260 Crore,"10,000 SQYD",0,0,"Old Sabzi Mandi, Karachi•"
Rs 45 Crore,"1,000 SQYD",5 Beds,5 Baths,"DHA Phase 8 - Zone A, Karachi•"
Rs 6.25 Crore,500 SQYD,0,0,"DHA Phase 8, Karachi•"
Rs 16 Lacs,120 SQYD,0,0,"Taiser Town - Sector 79, Karachi•"
Rs 58 Lacs,955 SQFT,2 Beds,2 Baths,"Bahria Apartments, Karachi•"
Rs 81 Lacs,120 SQYD,0,0,"Pir Ahmed Zaman Town, Karachi•"
Rs 90 Lacs,900 SQFT,2 Beds,2 Baths,"North Nazimabad - Block L, Karachi•"
Rs 5.50 Crore,240 SQYD,6 Beds,7 Baths,"Capital Cooperative Housing Society, Karachi•"
Rs 85 Lacs,500 SQYD,0,0,"DHA City - Sector 12, Karachi•"
Rs 8 Lac,600 SQFT,0,0,"Surjani Town - Sector 5D, Karachi•"
Rs 25 Crore,"4,280 SQYD",0,0,"Korangi Industrial Area, Karachi•"
Rs 1.65 Crore,152 SQYD,3 Beds,3 Baths,"Bahria Homes - Iqbal Villas, Karachi•"
Rs 72 Lacs,60 SQYD,2 Beds,2 Baths,"Azizabad, Karachi•"
Rs 1.50 Crore,"1,200 SQFT",3 Beds,3 Baths,"Gulshan-E-Iqbal Block 2, Karachi•"
Rs 3.50 Crore,260 SQYD,4 Beds,4 Baths,"Gulshan-E-Iqbal Block 1, Karachi•"
Rs 4.80 Crore,240 SQYD,6 Beds,6 Baths,"Gulshan-E-Iqbal Block 1, Karachi•"
Rs 7.50 Crore,250 SQYD,4 Beds,4 Baths,"Clifton - Block 5, Karachi•"
Rs 30 Crore,"2,000 SQYD",0,0,"DHA Phase 8 - Zone D, Karachi•"
Rs 50 Crore,400 SQYD,0,0,"DHA Phase 6, Karachi•"
Rs 4 Crore,120 SQYD,0,0,"DHA Phase 7 Extension, Karachi•"
Rs 30 Crore,"2,000 SQYD",0,0,"DHA Phase 8 - Zone D, Karachi•"
Rs 45 Crore,"1,000 SQYD",5 Beds,5 Baths,"DHA Phase 8 - Zone A, Karachi•"
Rs 6.70 Crore,500 SQYD,0,0,"DHA Phase 5, Karachi•"
Rs 16 Crore,200 SQYD,0,0,"DHA Phase 8 - Zone E, Karachi•"
Rs 260 Crore,"10,000 SQYD",0,0,"Old Sabzi Mandi, Karachi•"
Rs 45 Crore,"1,000 SQYD",5 Beds,5 Baths,"DHA Phase 8 - Zone A, Karachi•"
Rs 6.25 Crore,500 SQYD,0,0,"DHA Phase 8, Karachi•"
Rs 2.95 Crore,240 SQYD,0,0,"Karachi University Housing Society, Karachi•"
Rs 23 Lacs,450 SQFT,1 Bed,1 Bath,"North Karachi - Sector 11A, Karachi•"
Rs 77 Lacs,"1,000 SQFT",2 Beds,2 Baths,"Gwalior Cooperative Housing Society, Karachi•"
Rs 1.75 Crore,"1,100 SQYD",3 Beds,3 Baths,"DHA Phase 7, Karachi•"
Rs 8 Lac,600 SQFT,0,0,"Surjani Town - Sector 5D, Karachi•"
Rs 5 Lac,961 SQFT,5 Beds,2 Baths,"North Karachi - Sector 11A, Karachi•"
Rs 30 Lacs,120 SQYD,4 Beds,4 Baths,"Scheme 33, Karachi•"
Rs 66 Lacs,240 SQYD,0,0,"Pir Ahmed Zaman Town, Karachi•"
Rs 5.65 Crore,240 SQYD,6 Beds,6 Baths,"Gulistan-e-Jauhar Block 7, Karachi•"
Rs 72 Lacs,60 SQYD,2 Beds,2 Baths,"Azizabad, Karachi•"
Rs 1.50 Crore,"1,200 SQFT",3 Beds,3 Baths,"Gulshan-E-Iqbal Block 2, Karachi•"
Rs 3.50 Crore,260 SQYD,4 Beds,4 Baths,"Gulshan-E-Iqbal Block 1, Karachi•"
Rs 4.80 Crore,240 SQYD,6 Beds,6 Baths,"Gulshan-E-Iqbal Block 1, Karachi•"
Rs 7.50 Crore,250 SQYD,4 Beds,4 Baths,"Clifton - Block 5, Karachi•"
Rs 30 Crore,"2,000 SQYD",0,0,"DHA Phase 8 - Zone D, Karachi•"
Rs 50 Crore,400 SQYD,0,0,"DHA Phase 6, Karachi•"
Rs 4 Crore,120 SQYD,0,0,"DHA Phase 7 Extension, Karachi•"
Rs 30 Crore,"2,000 SQYD",0,0,"DHA Phase 8 - Zone D, Karachi•"
Rs 45 Crore,"1,000 SQYD",5 Beds,5 Baths,"DHA Phase 8 - Zone A, Karachi•"
Rs 6.70 Crore,500 SQYD,0,0,"DHA Phase 5, Karachi•"
Rs 16 Crore,200 SQYD,0,0,"DHA Phase 8 - Zone E, Karachi•"
Rs 260 Crore,"10,000 SQYD",0,0,"Old Sabzi Mandi, Karachi•"
Rs 45 Crore,"1,000 SQYD",5 Beds,5 Baths,"DHA Phase 8 - Zone A, Karachi•"
Rs 6.25 Crore,500 SQYD,0,0,"DHA Phase 8, Karachi•"
Rs 4.50 Crore,"2,000 SQFT",3 Beds,3 Baths,"Clifton - Block 8, Karachi•"
Rs 10 Crore,550 SQYD,3 Beds,4 Baths,"Malir Cantonment, Karachi•"
Rs 2.65 Crore,272 SQYD,5 Beds,5 Baths,"Bahria Town - Precinct 6, Karachi•"
Rs 4.75 Crore,400 SQYD,4 Beds,7 Baths,"Saadi Town, Karachi•"
Rs 3.95 Crore,258 SQYD,6 Beds,6 Baths,"Gulshan-e-Maymar - Sector Q, Karachi•"
Rs 1.38 Crore,125 SQYD,3 Beds,3 Baths,"Bahria Town - Precinct 12, Karachi•"
Rs 4.65 Crore,200 SQYD,6 Beds,7 Baths,"North Nazimabad - Block I, Karachi•"
Rs 54 Lacs,600 SQFT,2 Beds,2 Baths,"Federal B Area - Block 18, Karachi•"
Rs 3.65 Crore,"2,200 SQFT",4 Beds,4 Baths,"Kings Presidency, Karachi•"
Rs 72 Lacs,60 SQYD,2 Beds,2 Baths,"Azizabad, Karachi•"
Rs 1.50 Crore,"1,200 SQFT",3 Beds,3 Baths,"Gulshan-E-Iqbal Block 2, Karachi•"
Rs 3.50 Crore,260 SQYD,4 Beds,4 Baths,"Gulshan-E-Iqbal Block 1, Karachi•"
Rs 4.80 Crore,240 SQYD,6 Beds,6 Baths,"Gulshan-E-Iqbal Block 1, Karachi•"
Rs 7.50 Crore,250 SQYD,4 Beds,4 Baths,"Clifton - Block 5, Karachi•"
Rs 30 Crore,"2,000 SQYD",0,0,"DHA Phase 8 - Zone D, Karachi•"
Rs 50 Crore,400 SQYD,0,0,"DHA Phase 6, Karachi•"
Rs 4 Crore,120 SQYD,0,0,"DHA Phase 7 Extension, Karachi•"
Rs 30 Crore,"2,000 SQYD",0,0,"DHA Phase 8 - Zone D, Karachi•"
Rs 45 Crore,"1,000 SQYD",5 Beds,5 Baths,"DHA Phase 8 - Zone A, Karachi•"
Rs 6.70 Crore,500 SQYD,0,0,"DHA Phase 5, Karachi•"
Rs 16 Crore,200 SQYD,0,0,"DHA Phase 8 - Zone E, Karachi•"
Rs 260 Crore,"10,000 SQYD",0,0,"Old Sabzi Mandi, Karachi•"
Rs 45 Crore,"1,000 SQYD",5 Beds,5 Baths,"DHA Phase 8 - Zone A, Karachi•"
Rs 6.25 Crore,500 SQYD,0,0,"DHA Phase 8, Karachi•"
Rs 2.29 Crore,240 SQYD,3 Beds,4 Baths,"Nazimabad 4 - Block B, Karachi•"
Rs 4.75 Crore,400 SQYD,4 Beds,7 Baths,"Saadi Town, Karachi•"
Rs 1.36 Crore,235 SQYD,3 Beds,3 Baths,"Bahria Town - Precinct 31, Karachi•"
Rs 12.25 Crore,"3,707 SQFT",Studio,1 Bath,"Emaar Pearl Towers, Karachi•"
Rs 14.50 Crore,550 SQYD,6 Beds,6 Baths,"Malir Cantonment, Karachi•"
Rs 36.50 Lacs,409 SQFT,1 Bed,1 Bath,"Falaknaz Dreams, Karachi•"
Rs 70 Lacs,750 SQFT,3 Beds,3 Baths,"North Karachi, Karachi•"
Rs 74 Lacs,950 SQFT,2 Beds,2 Baths,"Bahria Apartments, Karachi•"
Rs 1.45 Crore,"1,200 SQFT",2 Beds,2 Baths,"North Nazimabad - Block K, Karachi•"
Rs 72 Lacs,60 SQYD,2 Beds,2 Baths,"Azizabad, Karachi•"
Rs 1.50 Crore,"1,200 SQFT",3 Beds,3 Baths,"Gulshan-E-Iqbal Block 2, Karachi•"
Rs 3.50 Crore,260 SQYD,4 Beds,4 Baths,"Gulshan-E-Iqbal Block 1, Karachi•"
Rs 4.80 Crore,240 SQYD,6 Beds,6 Baths,"Gulshan-E-Iqbal Block 1, Karachi•"
Rs 7.50 Crore,250 SQYD,4 Beds,4 Baths,"Clifton - Block 5, Karachi•"
Rs 30 Crore,"2,000 SQYD",0,0,"DHA Phase 8 - Zone D, Karachi•"
Rs 50 Crore,400 SQYD,0,0,"DHA Phase 6, Karachi•"
Rs 4 Crore,120 SQYD,0,0,"DHA Phase 7 Extension, Karachi•"
Rs 30 Crore,"2,000 SQYD",0,0,"DHA Phase 8 - Zone D, Karachi•"
Rs 45 Crore,"1,000 SQYD",5 Beds,5 Baths,"DHA Phase 8 - Zone A, Karachi•"
Rs 6.70 Crore,500 SQYD,0,0,"DHA Phase 5, Karachi•"
Rs 16 Crore,200 SQYD,0,0,"DHA Phase 8 - Zone E, Karachi•"
Rs 260 Crore,"10,000 SQYD",0,0,"Old Sabzi Mandi, Karachi•"
Rs 45 Crore,"1,000 SQYD",5 Beds,5 Baths,"DHA Phase 8 - Zone A, Karachi•"
Rs 6.25 Crore,500 SQYD,0,0,"DHA Phase 8, Karachi•"
Rs 6 Lac,50 SQFT,0,0,"Saima Arabian Villas, Karachi•"
Rs 32 Lacs,120 SQYD,0,0,"North Karachi, Karachi•"
Rs 31 Lacs,125 SQYD,0,0,"DHA City - Sector 6, Karachi•"
Rs 15 Lacs,"1,000 SQYD",Studio,1 Bath,"Gadap Town, Karachi•"
Rs 7.75 Crore,500 SQYD,0,0,"DHA Phase 8 - Zone E, Karachi•"
Rs 3.50 Crore,"3,000 SQFT",4 Beds,5 Baths,"Jinnah Avenue, Karachi•"
Rs 3.65 Crore,240 SQYD,6 Beds,7 Baths,"Saadi Town - Block 4, Karachi•"
Rs 1.20 Crore,40 SQYD,0,0,"Tariq Road, Karachi•"
"Rs 80,000","1,000 SQFT",0,0,"Bukhari Commercial Area, Karachi•"
Rs 72 Lacs,60 SQYD,2 Beds,2 Baths,"Azizabad, Karachi•"
Rs 1.50 Crore,"1,200 SQFT",3 Beds,3 Baths,"Gulshan-E-Iqbal Block 2, Karachi•"
Rs 3.50 Crore,260 SQYD,4 Beds,4 Baths,"Gulshan-E-Iqbal Block 1, Karachi•"
Rs 4.80 Crore,240 SQYD,6 Beds,6 Baths,"Gulshan-E-Iqbal Block 1, Karachi•"
Rs 7.50 Crore,250 SQYD,4 Beds,4 Baths,"Clifton - Block 5, Karachi•"
Rs 30 Crore,"2,000 SQYD",0,0,"DHA Phase 8 - Zone D, Karachi•"
Rs 50 Crore,400 SQYD,0,0,"DHA Phase 6, Karachi•"
Rs 4 Crore,120 SQYD,0,0,"DHA Phase 7 Extension, Karachi•"
Rs 30 Crore,"2,000 SQYD",0,0,"DHA Phase 8 - Zone D, Karachi•"
Rs 45 Crore,"1,000 SQYD",5 Beds,5 Baths,"DHA Phase 8 - Zone A, Karachi•"
Rs 6.70 Crore,500 SQYD,0,0,"DHA Phase 5, Karachi•"
Rs 16 Crore,200 SQYD,0,0,"DHA Phase 8 - Zone E, Karachi•"
Rs 260 Crore,"10,000 SQYD",0,0,"Old Sabzi Mandi, Karachi•"
Rs 45 Crore,"1,000 SQYD",5 Beds,5 Baths,"DHA Phase 8 - Zone A, Karachi•"
Rs 6.25 Crore,500 SQYD,0,0,"DHA Phase 8, Karachi•"
Rs 1.35 Crore,"1,100 SQFT",2 Beds,2 Baths,"North Nazimabad - Block K, Karachi•"
Rs 1.60 Crore,"1,200 SQFT",2 Beds,3 Baths,"Gulshan-e-Iqbal Town, Karachi•"
Rs 30 Lacs,650 SQFT,2 Beds,2 Baths,"Surjani Town - Sector 7B, Karachi•"
Rs 14.50 Crore,550 SQYD,6 Beds,6 Baths,"Malir Cantonment, Karachi•"
Rs 1.55 Crore,160 SQYD,5 Beds,3 Baths,"Saima Arabian Villas, Karachi•"
Rs 60 Lacs,80 SQYD,0,0,"North Town Residency, Karachi•"
Rs 26.50 Lacs,125 SQYD,0,0,"Bahria Town - Precinct 10-B, Karachi•"
Rs 7.50 Lac,80 SQYD,2 Beds,2 Baths,"Northern Bypass, Karachi•"
Rs 2.80 Crore,"1,440 SQFT",4 Beds,3 Baths,"Saima Elite Villas, Karachi•"
Rs 72 Lacs,60 SQYD,2 Beds,2 Baths,"Azizabad, Karachi•"
Rs 1.50 Crore,"1,200 SQFT",3 Beds,3 Baths,"Gulshan-E-Iqbal Block 2, Karachi•"
Rs 3.50 Crore,260 SQYD,4 Beds,4 Baths,"Gulshan-E-Iqbal Block 1, Karachi•"
Rs 4.80 Crore,240 SQYD,6 Beds,6 Baths,"Gulshan-E-Iqbal Block 1, Karachi•"
Rs 7.50 Crore,250 SQYD,4 Beds,4 Baths,"Clifton - Block 5, Karachi•"
Rs 30 Crore,"2,000 SQYD",0,0,"DHA Phase 8 - Zone D, Karachi•"
Rs 50 Crore,400 SQYD,0,0,"DHA Phase 6, Karachi•"
Rs 4 Crore,120 SQYD,0,0,"DHA Phase 7 Extension, Karachi•"
Rs 30 Crore,"2,000 SQYD",0,0,"DHA Phase 8 - Zone D, Karachi•"
Rs 45 Crore,"1,000 SQYD",5 Beds,5 Baths,"DHA Phase 8 - Zone A, Karachi•"
Rs 6.70 Crore,500 SQYD,0,0,"DHA Phase 5, Karachi•"
Rs 16 Crore,200 SQYD,0,0,"DHA Phase 8 - Zone E, Karachi•"
Rs 260 Crore,"10,000 SQYD",0,0,"Old Sabzi Mandi, Karachi•"
Rs 45 Crore,"1,000 SQYD",5 Beds,5 Baths,"DHA Phase 8 - Zone A, Karachi•"
Rs 6.25 Crore,500 SQYD,0,0,"DHA Phase 8, Karachi•"
Rs 5 Crore,"2,400 SQFT",4 Beds,4 Baths,"Shaheed Millat Road, Karachi•"
Rs 1.55 Crore,120 SQYD,3 Beds,3 Baths,"Gulshan-e-Roomi, Karachi•"
Rs 65 Lacs,200 SQYD,0,0,"Falaknaz Dreams, Karachi•"
Rs 4 Lac,96 SQFT,0,0,"North Town Residency, Karachi•"
Rs 19 Lacs,550 SQFT,2 Beds,2 Baths,"Allahwala Town - Sector 31-B, Karachi•"
Rs 20 Lacs,375 SQFT,1 Bed,1 Bath,"Surjani Town - Sector 7A, Karachi•"
Rs 4.65 Crore,160 SQFT,4 Beds,4 Baths,"Naya Nazimabad, Karachi•"
Rs 1.60 Crore,"1,200 SQFT",2 Beds,3 Baths,"Scheme 33, Karachi•"
Rs 7.75 Crore,500 SQYD,0,0,"DHA Phase 8 - Zone E, Karachi•"
Rs 72 Lacs,60 SQYD,2 Beds,2 Baths,"Azizabad, Karachi•"
Rs 1.50 Crore,"1,200 SQFT",3 Beds,3 Baths,"Gulshan-E-Iqbal Block 2, Karachi•"
Rs 3.50 Crore,260 SQYD,4 Beds,4 Baths,"Gulshan-E-Iqbal Block 1, Karachi•"
Rs 4.80 Crore,240 SQYD,6 Beds,6 Baths,"Gulshan-E-Iqbal Block 1, Karachi•"
Rs 7.50 Crore,250 SQYD,4 Beds,4 Baths,"Clifton - Block 5, Karachi•"
Rs 30 Crore,"2,000 SQYD",0,0,"DHA Phase 8 - Zone D, Karachi•"
Rs 50 Crore,400 SQYD,0,0,"DHA Phase 6, Karachi•"
Rs 4 Crore,120 SQYD,0,0,"DHA Phase 7 Extension, Karachi•"
Rs 30 Crore,"2,000 SQYD",0,0,"DHA Phase 8 - Zone D, Karachi•"
Rs 45 Crore,"1,000 SQYD",5 Beds,5 Baths,"DHA Phase 8 - Zone A, Karachi•"
Rs 6.70 Crore,500 SQYD,0,0,"DHA Phase 5, Karachi•"
Rs 16 Crore,200 SQYD,0,0,"DHA Phase 8 - Zone E, Karachi•"
Rs 260 Crore,"10,000 SQYD",0,0,"Old Sabzi Mandi, Karachi•"
Rs 45 Crore,"1,000 SQYD",5 Beds,5 Baths,"DHA Phase 8 - Zone A, Karachi•"
Rs 6.25 Crore,500 SQYD,0,0,"DHA Phase 8, Karachi•"
Rs 5 Crore,"2,400 SQFT",4 Beds,4 Baths,"Shaheed Millat Road, Karachi•"
Rs 1.05 Crore,120 SQFT,0,0,"Cantt Bazar, Karachi•"
Rs 3.10 Crore,"2,200 SQFT",3 Beds,4 Baths,"Saima Jinnah Avenue, Karachi•"
Rs 3.10 Crore,"2,400 SQFT",3 Beds,4 Baths,"Gulshan-E-Iqbal Block 10, Karachi•"
Rs 6 Crore,240 SQYD,6 Beds,6 Baths,"Gulistan-e-Jauhar Block 3, Karachi•"
Rs 3.65 Crore,240 SQYD,6 Beds,7 Baths,"Saadi Town - Block 4, Karachi•"
Rs 45 Lacs,600 SQFT,2 Beds,2 Baths,"Gulistan-e-Jauhar Block 18, Karachi•"
Rs 4.25 Crore,200 SQYD,6 Beds,7 Baths,"North Nazimabad - Block D, Karachi•"
Rs 1.25 Crore,"1,100 SQFT",2 Beds,2 Baths,"Rainbow Towers And Shopping Mall, Karachi•"
Rs 72 Lacs,60 SQYD,2 Beds,2 Baths,"Azizabad, Karachi•"
Rs 1.50 Crore,"1,200 SQFT",3 Beds,3 Baths,"Gulshan-E-Iqbal Block 2, Karachi•"
Rs 3.50 Crore,260 SQYD,4 Beds,4 Baths,"Gulshan-E-Iqbal Block 1, Karachi•"
Rs 4.80 Crore,240 SQYD,6 Beds,6 Baths,"Gulshan-E-Iqbal Block 1, Karachi•"
Rs 7.50 Crore,250 SQYD,4 Beds,4 Baths,"Clifton - Block 5, Karachi•"
Rs 30 Crore,"2,000 SQYD",0,0,"DHA Phase 8 - Zone D, Karachi•"
Rs 50 Crore,400 SQYD,0,0,"DHA Phase 6, Karachi•"
Rs 4 Crore,120 SQYD,0,0,"DHA Phase 7 Extension, Karachi•"
Rs 30 Crore,"2,000 SQYD",0,0,"DHA Phase 8 - Zone D, Karachi•"
Rs 45 Crore,"1,000 SQYD",5 Beds,5 Baths,"DHA Phase 8 - Zone A, Karachi•"
Rs 6.70 Crore,500 SQYD,0,0,"DHA Phase 5, Karachi•"
Rs 16 Crore,200 SQYD,0,0,"DHA Phase 8 - Zone E, Karachi•"
Rs 260 Crore,"10,000 SQYD",0,0,"Old Sabzi Mandi, Karachi•"
Rs 45 Crore,"1,000 SQYD",5 Beds,5 Baths,"DHA Phase 8 - Zone A, Karachi•"
Rs 6.25 Crore,500 SQYD,0,0,"DHA Phase 8, Karachi•"
Rs 50 Lacs,851 SQFT,2 Beds,2 Baths,"Shadman Town - Sector-14/B, Karachi•"
Rs 84 Lacs,"1,150 SQFT",3 Beds,3 Baths,"Paradise Arcade, Karachi•"
Rs 32 Lacs,120 SQYD,0,0,"North Karachi, Karachi•"
Rs 1.72 Crore,152 SQYD,3 Beds,3 Baths,"Bahria Homes - Iqbal Villas, Karachi•"
Rs 10 Crore,"4,500 SQFT",0,0,"Shahra-e-Faisal, Karachi•"
Rs 1.75 Crore,200 SQYD,3 Beds,3 Baths,"Bahria Town - Precinct 11-A, Karachi•"
Rs 16 Crore,666 SQYD,6 Beds,6 Baths,"DHA Phase 6, Karachi•"
Rs 7.20 Lac,60 SQFT,0,0,"Saima Arabian Villas, Karachi•"
Rs 6.25 Crore,180 SQYD,6 Beds,7 Baths,"Gulshan-e-Iqbal - Block 10-A, Karachi•"
Rs 72 Lacs,60 SQYD,2 Beds,2 Baths,"Azizabad, Karachi•"
Rs 1.50 Crore,"1,200 SQFT",3 Beds,3 Baths,"Gulshan-E-Iqbal Block 2, Karachi•"
Rs 3.50 Crore,260 SQYD,4 Beds,4 Baths,"Gulshan-E-Iqbal Block 1, Karachi•"
Rs 4.80 Crore,240 SQYD,6 Beds,6 Baths,"Gulshan-E-Iqbal Block 1, Karachi•"
Rs 7.50 Crore,250 SQYD,4 Beds,4 Baths,"Clifton - Block 5, Karachi•"
Rs 30 Crore,"2,000 SQYD",0,0,"DHA Phase 8 - Zone D, Karachi•"
Rs 50 Crore,400 SQYD,0,0,"DHA Phase 6, Karachi•"
Rs 4 Crore,120 SQYD,0,0,"DHA Phase 7 Extension, Karachi•"
Rs 30 Crore,"2,000 SQYD",0,0,"DHA Phase 8 - Zone D, Karachi•"
Rs 45 Crore,"1,000 SQYD",5 Beds,5 Baths,"DHA Phase 8 - Zone A, Karachi•"
Rs 6.70 Crore,500 SQYD,0,0,"DHA Phase 5, Karachi•"
Rs 16 Crore,200 SQYD,0,0,"DHA Phase 8 - Zone E, Karachi•"
Rs 260 Crore,"10,000 SQYD",0,0,"Old Sabzi Mandi, Karachi•"
Rs 45 Crore,"1,000 SQYD",5 Beds,5 Baths,"DHA Phase 8 - Zone A, Karachi•"
Rs 6.25 Crore,500 SQYD,0,0,"DHA Phase 8, Karachi•"
Rs 1.10 Crore,540 SQFT,0,0,"DHA Phase 2 Extension, Karachi•"
Rs 2.75 Crore,"1,000 SQYD",0,0,"DHA City - Sector 5D, Karachi•"
Rs 1.60 Crore,"1,200 SQFT",2 Beds,3 Baths,"Jinnah Avenue, Karachi•"
Rs 3.40 Crore,162 SQYD,6 Beds,7 Baths,"P & T Housing Society, Karachi•"
Rs 1.10 Crore,125 SQYD,3 Beds,3 Baths,"Bahria Town - Precinct 11-B, Karachi•"
Rs 1.10 Crore,"1,600 SQFT",3 Beds,3 Baths,"North Nazimabad - Block H, Karachi•"
Rs 1.84 Crore,350 SQYD,4 Beds,4 Baths,"Bahria Sports City, Karachi•"
Rs 1.35 Crore,"1,200 SQFT",3 Beds,2 Baths,"Falaknaz Dynasty, Karachi•"
Rs 3.65 Crore,"2,200 SQFT",4 Beds,4 Baths,"Kings Presidency, Karachi•"
Rs 72 Lacs,60 SQYD,2 Beds,2 Baths,"Azizabad, Karachi•"
Rs 1.50 Crore,"1,200 SQFT",3 Beds,3 Baths,"Gulshan-E-Iqbal Block 2, Karachi•"
Rs 3.50 Crore,260 SQYD,4 Beds,4 Baths,"Gulshan-E-Iqbal Block 1, Karachi•"
Rs 4.80 Crore,240 SQYD,6 Beds,6 Baths,"Gulshan-E-Iqbal Block 1, Karachi•"
Rs 7.50 Crore,250 SQYD,4 Beds,4 Baths,"Clifton - Block 5, Karachi•"
Rs 30 Crore,"2,000 SQYD",0,0,"DHA Phase 8 - Zone D, Karachi•"
Rs 50 Crore,400 SQYD,0,0,"DHA Phase 6, Karachi•"
Rs 4 Crore,120 SQYD,0,0,"DHA Phase 7 Extension, Karachi•"
Rs 30 Crore,"2,000 SQYD",0,0,"DHA Phase 8 - Zone D, Karachi•"
Rs 45 Crore,"1,000 SQYD",5 Beds,5 Baths,"DHA Phase 8 - Zone A, Karachi•"
Rs 6.70 Crore,500 SQYD,0,0,"DHA Phase 5, Karachi•"
Rs 16 Crore,200 SQYD,0,0,"DHA Phase 8 - Zone E, Karachi•"
Rs 260 Crore,"10,000 SQYD",0,0,"Old Sabzi Mandi, Karachi•"
Rs 45 Crore,"1,000 SQYD",5 Beds,5 Baths,"DHA Phase 8 - Zone A, Karachi•"
Rs 6.25 Crore,500 SQYD,0,0,"DHA Phase 8, Karachi•"
Rs 70 Lacs,700 SQFT,2 Beds,2 Baths,"Gulshan-e-Maymar - Sector R, Karachi•"
Rs 10 Lacs,50 SQFT,0,0,"Saima Arabian Villas, Karachi•"
Rs 1.10 Crore,"1,600 SQFT",3 Beds,3 Baths,"North Nazimabad - Block H, Karachi•"
Rs 3.10 Crore,120 SQYD,4 Beds,4 Baths,"North Karachi - Sector 11-C/3, Karachi•"
Rs 2.65 Crore,"2,160 SQYD",0,0,"Capital Cooperative Housing Society, Karachi•"
Rs 5 Crore,"2,400 SQFT",4 Beds,4 Baths,"Shaheed Millat Road, Karachi•"
Rs 1.55 Crore,160 SQYD,5 Beds,3 Baths,"Saima Arabian Villas, Karachi•"
Rs 6 Crore,240 SQYD,6 Beds,6 Baths,"Gulistan-e-Jauhar Block 3, Karachi•"
Rs 12 Lacs,100 SQFT,0,0,"Saima Arabian Villas, Karachi•"
Rs 72 Lacs,60 SQYD,2 Beds,2 Baths,"Azizabad, Karachi•"
Rs 1.50 Crore,"1,200 SQFT",3 Beds,3 Baths,"Gulshan-E-Iqbal Block 2, Karachi•"
Rs 3.50 Crore,260 SQYD,4 Beds,4 Baths,"Gulshan-E-Iqbal Block 1, Karachi•"
Rs 4.80 Crore,240 SQYD,6 Beds,6 Baths,"Gulshan-E-Iqbal Block 1, Karachi•"
Rs 7.50 Crore,250 SQYD,4 Beds,4 Baths,"Clifton - Block 5, Karachi•"
Rs 30 Crore,"2,000 SQYD",0,0,"DHA Phase 8 - Zone D, Karachi•"
Rs 50 Crore,400 SQYD,0,0,"DHA Phase 6, Karachi•"
Rs 4 Crore,120 SQYD,0,0,"DHA Phase 7 Extension, Karachi•"
Rs 30 Crore,"2,000 SQYD",0,0,"DHA Phase 8 - Zone D, Karachi•"
Rs 45 Crore,"1,000 SQYD",5 Beds,5 Baths,"DHA Phase 8 - Zone A, Karachi•"
Rs 6.70 Crore,500 SQYD,0,0,"DHA Phase 5, Karachi•"
Rs 16 Crore,200 SQYD,0,0,"DHA Phase 8 - Zone E, Karachi•"
Rs 260 Crore,"10,000 SQYD",0,0,"Old Sabzi Mandi, Karachi•"
Rs 45 Crore,"1,000 SQYD",5 Beds,5 Baths,"DHA Phase 8 - Zone A, Karachi•"
Rs 6.25 Crore,500 SQYD,0,0,"DHA Phase 8, Karachi•"
Rs 12 Lacs,"1,000 SQYD",0,0,"Gadap Town, Karachi•"
Rs 2 Crore,152 SQYD,3 Beds,3 Baths,"Bahria Town - Precinct 2, Karachi•"
Rs 4.90 Crore,200 SQYD,6 Beds,7 Baths,"Sindh Baloch Housing Society, Karachi•"
Rs 19 Lacs,550 SQFT,2 Beds,2 Baths,"Allahwala Town - Sector 31-B, Karachi•"
Rs 70 Lacs,950 SQFT,2 Beds,2 Baths,"Gulistan-e-Jauhar Block 19, Karachi•"
Rs 1.54 Crore,152 SQYD,3 Beds,3 Baths,"Bahria Homes - Iqbal Villas, Karachi•"
Rs 30 Lacs,120 SQYD,4 Beds,4 Baths,"Scheme 33, Karachi•"
Rs 1.50 Crore,125 SQYD,3 Beds,4 Baths,"Bahria Town - Precinct 12, Karachi•"
Rs 2.29 Crore,226 SQYD,0,0,"Sector 31 - Punjabi Saudagar City Phase 2, Karachi•"
Rs 72 Lacs,60 SQYD,2 Beds,2 Baths,"Azizabad, Karachi•"
Rs 1.50 Crore,"1,200 SQFT",3 Beds,3 Baths,"Gulshan-E-Iqbal Block 2, Karachi•"
Rs 3.50 Crore,260 SQYD,4 Beds,4 Baths,"Gulshan-E-Iqbal Block 1, Karachi•"
Rs 4.80 Crore,240 SQYD,6 Beds,6 Baths,"Gulshan-E-Iqbal Block 1, Karachi•"
Rs 7.50 Crore,250 SQYD,4 Beds,4 Baths,"Clifton - Block 5, Karachi•"
Rs 30 Crore,"2,000 SQYD",0,0,"DHA Phase 8 - Zone D, Karachi•"
Rs 50 Crore,400 SQYD,0,0,"DHA Phase 6, Karachi•"
Rs 4 Crore,120 SQYD,0,0,"DHA Phase 7 Extension, Karachi•"
Rs 30 Crore,"2,000 SQYD",0,0,"DHA Phase 8 - Zone D, Karachi•"
Rs 45 Crore,"1,000 SQYD",5 Beds,5 Baths,"DHA Phase 8 - Zone A, Karachi•"
Rs 6.70 Crore,500 SQYD,0,0,"DHA Phase 5, Karachi•"
Rs 16 Crore,200 SQYD,0,0,"DHA Phase 8 - Zone E, Karachi•"
Rs 260 Crore,"10,000 SQYD",0,0,"Old Sabzi Mandi, Karachi•"
Rs 45 Crore,"1,000 SQYD",5 Beds,5 Baths,"DHA Phase 8 - Zone A, Karachi•"
Rs 6.25 Crore,500 SQYD,0,0,"DHA Phase 8, Karachi•"
Rs 1.20 Crore,240 SQYD,0,0,"Faridi Niazi Society, Karachi•"
Rs 2.60 Crore,"1,850 SQFT",3 Beds,3 Baths,"Jinnah Avenue, Karachi•"
Rs 16 Crore,666 SQYD,6 Beds,6 Baths,"DHA Phase 6, Karachi•"
"Rs 80,000","1,000 SQFT",0,0,"Bukhari Commercial Area, Karachi•"
Rs 85 Lacs,500 SQYD,0,0,"DHA City - Sector 12, Karachi•"
Rs 1.60 Crore,160 SQYD,5 Beds,3 Baths,"Saima Arabian Villas, Karachi•"
Rs 37 Lacs,80 SQYD,0,0,"North Town Residency, Karachi•"
Rs 1.20 Crore,80 SQYD,4 Beds,5 Baths,"Diamond City, Karachi•"
Rs 4.50 Crore,288 SQYD,6 Beds,6 Baths,"North Karachi - Sector 11A, Karachi•"
Rs 72 Lacs,60 SQYD,2 Beds,2 Baths,"Azizabad, Karachi•"
Rs 1.50 Crore,"1,200 SQFT",3 Beds,3 Baths,"Gulshan-E-Iqbal Block 2, Karachi•"
Rs 3.50 Crore,260 SQYD,4 Beds,4 Baths,"Gulshan-E-Iqbal Block 1, Karachi•"
Rs 4.80 Crore,240 SQYD,6 Beds,6 Baths,"Gulshan-E-Iqbal Block 1, Karachi•"
Rs 7.50 Crore,250 SQYD,4 Beds,4 Baths,"Clifton - Block 5, Karachi•"
Rs 30 Crore,"2,000 SQYD",0,0,"DHA Phase 8 - Zone D, Karachi•"
Rs 50 Crore,400 SQYD,0,0,"DHA Phase 6, Karachi•"
Rs 4 Crore,120 SQYD,0,0,"DHA Phase 7 Extension, Karachi•"
Rs 30 Crore,"2,000 SQYD",0,0,"DHA Phase 8 - Zone D, Karachi•"
Rs 45 Crore,"1,000 SQYD",5 Beds,5 Baths,"DHA Phase 8 - Zone A, Karachi•"
Rs 6.70 Crore,500 SQYD,0,0,"DHA Phase 5, Karachi•"
Rs 16 Crore,200 SQYD,0,0,"DHA Phase 8 - Zone E, Karachi•"
Rs 260 Crore,"10,000 SQYD",0,0,"Old Sabzi Mandi, Karachi•"
Rs 45 Crore,"1,000 SQYD",5 Beds,5 Baths,"DHA Phase 8 - Zone A, Karachi•"
Rs 6.25 Crore,500 SQYD,0,0,"DHA Phase 8, Karachi•"
Rs 1.25 Crore,"1,100 SQFT",2 Beds,2 Baths,"Rainbow Towers And Shopping Mall, Karachi•"
Rs 85 Lacs,900 SQFT,Studio,1 Bath,"Allahwala Town, Karachi•"
Rs 3.45 Crore,"2,400 SQFT",3 Beds,4 Baths,"Gulshan-e-Iqbal - Block 10-A, Karachi•"
Rs 8.50 Lac,80 SQYD,0,0,"Gulshan-e-Maymar, Karachi•"
Rs 1.36 Crore,235 SQYD,3 Beds,3 Baths,"Bahria Town - Precinct 31, Karachi•"
Rs 2.04 Crore,270 SQYD,3 Beds,4 Baths,"North Nazimabad - Block L, Karachi•"
Rs 1.50 Crore,"1,200 SQFT",2 Beds,2 Baths,"Capital Cooperative Housing Society, Karachi•"
Rs 25 Lacs,650 SQFT,2 Beds,2 Baths,"Surjani Town, Karachi•"
Rs 32 Crore,"1,500 SQYD",5 Beds,5 Baths,"Gulshan-E-Iqbal Block 8, Karachi•"
Rs 72 Lacs,60 SQYD,2 Beds,2 Baths,"Azizabad, Karachi•"
Rs 1.50 Crore,"1,200 SQFT",3 Beds,3 Baths,"Gulshan-E-Iqbal Block 2, Karachi•"
Rs 3.50 Crore,260 SQYD,4 Beds,4 Baths,"Gulshan-E-Iqbal Block 1, Karachi•"
Rs 4.80 Crore,240 SQYD,6 Beds,6 Baths,"Gulshan-E-Iqbal Block 1, Karachi•"
Rs 7.50 Crore,250 SQYD,4 Beds,4 Baths,"Clifton - Block 5, Karachi•"
Rs 30 Crore,"2,000 SQYD",0,0,"DHA Phase 8 - Zone D, Karachi•"
Rs 50 Crore,400 SQYD,0,0,"DHA Phase 6, Karachi•"
Rs 4 Crore,120 SQYD,0,0,"DHA Phase 7 Extension, Karachi•"
Rs 30 Crore,"2,000 SQYD",0,0,"DHA Phase 8 - Zone D, Karachi•"
Rs 45 Crore,"1,000 SQYD",5 Beds,5 Baths,"DHA Phase 8 - Zone A, Karachi•"
Rs 6.70 Crore,500 SQYD,0,0,"DHA Phase 5, Karachi•"
Rs 16 Crore,200 SQYD,0,0,"DHA Phase 8 - Zone E, Karachi•"
Rs 260 Crore,"10,000 SQYD",0,0,"Old Sabzi Mandi, Karachi•"
Rs 45 Crore,"1,000 SQYD",5 Beds,5 Baths,"DHA Phase 8 - Zone A, Karachi•"
Rs 6.25 Crore,500 SQYD,0,0,"DHA Phase 8, Karachi•"
Rs 7.20 Lac,60 SQFT,0,0,"North Town Residency, Karachi•"
Rs 1.70 Crore,120 SQYD,6 Beds,6 Baths,"North Karachi - Sector 8, Karachi•"
Rs 4.50 Lac,80 SQYD,0,0,"Al Baqei City, Karachi•"
Rs 50 Lacs,720 SQFT,2 Beds,2 Baths,"Al Ghaffar Nagori City, Karachi•"
Rs 56 Lacs,"1,050 SQFT",2 Beds,2 Baths,"North Karachi, Karachi•"
Rs 31 Lacs,550 SQFT,2 Beds,2 Baths,"Liaquatabad - C Area, Karachi•"
Rs 1.20 Crore,240 SQYD,0,0,"Faridi Niazi Society, Karachi•"
Rs 17 Lacs,125 SQFT,0,0,"Al-Ghafoor Green City, Karachi•"
Rs 60 Lacs,120 SQYD,0,0,"Gulshan-e-Maymar - Sector X, Karachi•"
Rs 72 Lacs,60 SQYD,2 Beds,2 Baths,"Azizabad, Karachi•"
Rs 1.50 Crore,"1,200 SQFT",3 Beds,3 Baths,"Gulshan-E-Iqbal Block 2, Karachi•"
Rs 3.50 Crore,260 SQYD,4 Beds,4 Baths,"Gulshan-E-Iqbal Block 1, Karachi•"
Rs 4.80 Crore,240 SQYD,6 Beds,6 Baths,"Gulshan-E-Iqbal Block 1, Karachi•"
Rs 7.50 Crore,250 SQYD,4 Beds,4 Baths,"Clifton - Block 5, Karachi•"
Rs 30 Crore,"2,000 SQYD",0,0,"DHA Phase 8 - Zone D, Karachi•"
Rs 50 Crore,400 SQYD,0,0,"DHA Phase 6, Karachi•"
Rs 4 Crore,120 SQYD,0,0,"DHA Phase 7 Extension, Karachi•"
Rs 30 Crore,"2,000 SQYD",0,0,"DHA Phase 8 - Zone D, Karachi•"
Rs 45 Crore,"1,000 SQYD",5 Beds,5 Baths,"DHA Phase 8 - Zone A, Karachi•"
Rs 6.70 Crore,500 SQYD,0,0,"DHA Phase 5, Karachi•"
Rs 16 Crore,200 SQYD,0,0,"DHA Phase 8 - Zone E, Karachi•"
Rs 260 Crore,"10,000 SQYD",0,0,"Old Sabzi Mandi, Karachi•"
Rs 45 Crore,"1,000 SQYD",5 Beds,5 Baths,"DHA Phase 8 - Zone A, Karachi•"
Rs 6.25 Crore,500 SQYD,0,0,"DHA Phase 8, Karachi•"
Rs 2.25 Crore,160 SQYD,6 Beds,6 Baths,"Saima Arabian Villas, Karachi•"
Rs 2.35 Crore,"1,550 SQFT",3 Beds,3 Baths,"DHA Phase 5, Karachi•"
Rs 1.12 Crore,125 SQYD,3 Beds,3 Baths,"Bahria Town - Precinct 11-B, Karachi•"
Rs 1.30 Crore,120 SQYD,2 Beds,3 Baths,"North Town Residency, Karachi•"
Rs 4 Lac,96 SQFT,0,0,"North Town Residency, Karachi•"
Rs 40 Crore,200 SQYD,0,0,"Bukhari Commercial Area, Karachi•"
Rs 92 Lacs,"1,000 SQFT",2 Beds,2 Baths,"Rabia Enclave, Karachi•"
Rs 10 Crore,120 SQYD,0,0,"New Karachi, Karachi•"
Rs 6.65 Crore,300 SQYD,5 Beds,6 Baths,"Askari 6, Karachi•"
Rs 72 Lacs,60 SQYD,2 Beds,2 Baths,"Azizabad, Karachi•"
Rs 1.50 Crore,"1,200 SQFT",3 Beds,3 Baths,"Gulshan-E-Iqbal Block 2, Karachi•"
Rs 3.50 Crore,260 SQYD,4 Beds,4 Baths,"Gulshan-E-Iqbal Block 1, Karachi•"
Rs 4.80 Crore,240 SQYD,6 Beds,6 Baths,"Gulshan-E-Iqbal Block 1, Karachi•"
Rs 7.50 Crore,250 SQYD,4 Beds,4 Baths,"Clifton - Block 5, Karachi•"
Rs 30 Crore,"2,000 SQYD",0,0,"DHA Phase 8 - Zone D, Karachi•"
Rs 50 Crore,400 SQYD,0,0,"DHA Phase 6, Karachi•"
Rs 4 Crore,120 SQYD,0,0,"DHA Phase 7 Extension, Karachi•"
Rs 30 Crore,"2,000 SQYD",0,0,"DHA Phase 8 - Zone D, Karachi•"
Rs 45 Crore,"1,000 SQYD",5 Beds,5 Baths,"DHA Phase 8 - Zone A, Karachi•"
Rs 6.70 Crore,500 SQYD,0,0,"DHA Phase 5, Karachi•"
Rs 16 Crore,200 SQYD,0,0,"DHA Phase 8 - Zone E, Karachi•"
Rs 260 Crore,"10,000 SQYD",0,0,"Old Sabzi Mandi, Karachi•"
Rs 45 Crore,"1,000 SQYD",5 Beds,5 Baths,"DHA Phase 8 - Zone A, Karachi•"
Rs 6.25 Crore,500 SQYD,0,0,"DHA Phase 8, Karachi•"
Rs 2.75 Crore,200 SQYD,4 Beds,5 Baths,"Bahria Town - Precinct 12, Karachi•"
Rs 1.80 Crore,"1,017 SQYD",0,0,"Surjani Town - Sector 8, Karachi•"
Rs 85 Lacs,900 SQFT,Studio,1 Bath,"Allahwala Town, Karachi•"
Rs 30 Lacs,650 SQFT,2 Beds,2 Baths,"Surjani Town - Sector 7B, Karachi•"
Rs 1.10 Crore,120 SQYD,2 Beds,2 Baths,"Saima Villas, Karachi•"
Rs 1.72 Crore,152 SQYD,3 Beds,3 Baths,"Bahria Homes - Iqbal Villas, Karachi•"
Rs 17 Lacs,450 SQFT,1 Bed,1 Bath,"Surjani Town, Karachi•"
Rs 3.65 Crore,"2,000 SQFT",4 Beds,4 Baths,"Kings Presidency, Karachi•"
Rs 3.10 Crore,"2,400 SQFT",3 Beds,4 Baths,"Gulshan-E-Iqbal Block 10, Karachi•"
Rs 72 Lacs,60 SQYD,2 Beds,2 Baths,"Azizabad, Karachi•"
Rs 1.50 Crore,"1,200 SQFT",3 Beds,3 Baths,"Gulshan-E-Iqbal Block 2, Karachi•"
Rs 3.50 Crore,260 SQYD,4 Beds,4 Baths,"Gulshan-E-Iqbal Block 1, Karachi•"
Rs 4.80 Crore,240 SQYD,6 Beds,6 Baths,"Gulshan-E-Iqbal Block 1, Karachi•"
Rs 7.50 Crore,250 SQYD,4 Beds,4 Baths,"Clifton - Block 5, Karachi•"
Rs 30 Crore,"2,000 SQYD",0,0,"DHA Phase 8 - Zone D, Karachi•"
Rs 50 Crore,400 SQYD,0,0,"DHA Phase 6, Karachi•"
Rs 4 Crore,120 SQYD,0,0,"DHA Phase 7 Extension, Karachi•"
Rs 30 Crore,"2,000 SQYD",0,0,"DHA Phase 8 - Zone D, Karachi•"
Rs 45 Crore,"1,000 SQYD",5 Beds,5 Baths,"DHA Phase 8 - Zone A, Karachi•"
Rs 6.70 Crore,500 SQYD,0,0,"DHA Phase 5, Karachi•"
Rs 16 Crore,200 SQYD,0,0,"DHA Phase 8 - Zone E, Karachi•"
Rs 260 Crore,"10,000 SQYD",0,0,"Old Sabzi Mandi, Karachi•"
Rs 45 Crore,"1,000 SQYD",5 Beds,5 Baths,"DHA Phase 8 - Zone A, Karachi•"
Rs 6.25 Crore,500 SQYD,0,0,"DHA Phase 8, Karachi•"
Rs 98 Lacs,125 SQYD,3 Beds,3 Baths,"Bahria Town - Precinct 15, Karachi•"
Rs 4 Crore,"1,550 SQFT",3 Beds,4 Baths,"Khalid Bin Walid Road, Karachi•"
Rs 1.25 Crore,"1,100 SQFT",2 Beds,2 Baths,"Rainbow Towers And Shopping Mall, Karachi•"
Rs 46 Lacs,120 SQYD,0,0,"Pir Ahmed Zaman Town - Block 3, Karachi•"
Rs 8 Crore,"5,000 SQFT",Studio,1 Bath,"Jinnah Avenue, Karachi•"
Rs 1.25 Crore,500 SQYD,0,0,"DHA City - Sector 6, Karachi•"
Rs 80 Lacs,120 SQYD,0,0,"North Town Residency, Karachi•"
Rs 1.10 Crore,"1,600 SQFT",3 Beds,3 Baths,"North Nazimabad - Block H, Karachi•"
Rs 65 Lacs,400 SQYD,0,0,"Gulshan-e-Mehran - Block 2A, Karachi•"
Rs 72 Lacs,60 SQYD,2 Beds,2 Baths,"Azizabad, Karachi•"
Rs 1.50 Crore,"1,200 SQFT",3 Beds,3 Baths,"Gulshan-E-Iqbal Block 2, Karachi•"
Rs 3.50 Crore,260 SQYD,4 Beds,4 Baths,"Gulshan-E-Iqbal Block 1, Karachi•"
Rs 4.80 Crore,240 SQYD,6 Beds,6 Baths,"Gulshan-E-Iqbal Block 1, Karachi•"
Rs 7.50 Crore,250 SQYD,4 Beds,4 Baths,"Clifton - Block 5, Karachi•"
Rs 30 Crore,"2,000 SQYD",0,0,"DHA Phase 8 - Zone D, Karachi•"
Rs 50 Crore,400 SQYD,0,0,"DHA Phase 6, Karachi•"
Rs 4 Crore,120 SQYD,0,0,"DHA Phase 7 Extension, Karachi•"
Rs 30 Crore,"2,000 SQYD",0,0,"DHA Phase 8 - Zone D, Karachi•"
Rs 45 Crore,"1,000 SQYD",5 Beds,5 Baths,"DHA Phase 8 - Zone A, Karachi•"
Rs 6.70 Crore,500 SQYD,0,0,"DHA Phase 5, Karachi•"
Rs 16 Crore,200 SQYD,0,0,"DHA Phase 8 - Zone E, Karachi•"
Rs 260 Crore,"10,000 SQYD",0,0,"Old Sabzi Mandi, Karachi•"
Rs 45 Crore,"1,000 SQYD",5 Beds,5 Baths,"DHA Phase 8 - Zone A, Karachi•"
Rs 6.25 Crore,500 SQYD,0,0,"DHA Phase 8, Karachi•"
Rs 31 Lacs,550 SQFT,2 Beds,2 Baths,"Liaquatabad - C Area, Karachi•"
Rs 6.65 Crore,300 SQYD,5 Beds,6 Baths,"Askari 6, Karachi•"
Rs 4.20 Crore,200 SQYD,6 Beds,3 Baths,"North Nazimabad - Block D, Karachi•"
Rs 3.65 Crore,"2,200 SQFT",4 Beds,4 Baths,"Kings Presidency, Karachi•"
Rs 1.85 Crore,"1,700 SQFT",3 Beds,4 Baths,"Burj-Ul-Harmain, Karachi•"
Rs 2.75 Crore,200 SQYD,4 Beds,5 Baths,"Bahria Town - Precinct 12, Karachi•"
Rs 2.80 Crore,"1,440 SQFT",4 Beds,3 Baths,"Saima Elite Villas, Karachi•"
Rs 1.35 Crore,"1,100 SQFT",2 Beds,2 Baths,"North Nazimabad - Block K, Karachi•"
Rs 5.58 Crore,240 SQYD,6 Beds,6 Baths,"Gulistan-e-Jauhar Block 2, Karachi•"
Rs 72 Lacs,60 SQYD,2 Beds,2 Baths,"Azizabad, Karachi•"
Rs 1.50 Crore,"1,200 SQFT",3 Beds,3 Baths,"Gulshan-E-Iqbal Block 2, Karachi•"
Rs 3.50 Crore,260 SQYD,4 Beds,4 Baths,"Gulshan-E-Iqbal Block 1, Karachi•"
Rs 4.80 Crore,240 SQYD,6 Beds,6 Baths,"Gulshan-E-Iqbal Block 1, Karachi•"
Rs 7.50 Crore,250 SQYD,4 Beds,4 Baths,"Clifton - Block 5, Karachi•"
Rs 30 Crore,"2,000 SQYD",0,0,"DHA Phase 8 - Zone D, Karachi•"
Rs 50 Crore,400 SQYD,0,0,"DHA Phase 6, Karachi•"
Rs 4 Crore,120 SQYD,0,0,"DHA Phase 7 Extension, Karachi•"
Rs 30 Crore,"2,000 SQYD",0,0,"DHA Phase 8 - Zone D, Karachi•"
Rs 45 Crore,"1,000 SQYD",5 Beds,5 Baths,"DHA Phase 8 - Zone A, Karachi•"
Rs 6.70 Crore,500 SQYD,0,0,"DHA Phase 5, Karachi•"
Rs 16 Crore,200 SQYD,0,0,"DHA Phase 8 - Zone E, Karachi•"
Rs 260 Crore,"10,000 SQYD",0,0,"Old Sabzi Mandi, Karachi•"
Rs 45 Crore,"1,000 SQYD",5 Beds,5 Baths,"DHA Phase 8 - Zone A, Karachi•"
Rs 6.25 Crore,500 SQYD,0,0,"DHA Phase 8, Karachi•"
Rs 12 Lacs,"1,000 SQFT",0,0,"Gadap Town, Karachi•"
Rs 1.95 Crore,120 SQYD,4 Beds,5 Baths,"Saadi Town, Karachi•"
Rs 10 Crore,500 SQYD,5 Beds,5 Baths,"Falcon Complex New Malir, Karachi•"
Rs 1.25 Crore,240 SQYD,0,0,"Gulshan-e-Roomi, Karachi•"
Rs 3.65 Crore,"2,000 SQFT",4 Beds,4 Baths,"Kings Presidency, Karachi•"
Rs 1.36 Crore,120 SQYD,2 Beds,3 Baths,"Saadi Garden, Karachi•"
Rs 3.45 Crore,"2,400 SQFT",3 Beds,4 Baths,"Gulshan-e-Iqbal - Block 10-A, Karachi•"
Rs 1.85 Crore,100 SQYD,6 Beds,5 Baths,"North Karachi - Sector 5-C, Karachi•"
Rs 34.50 Lacs,120 SQYD,0,0,"Pir Gul Hassan Town, Karachi•"
Rs 72 Lacs,60 SQYD,2 Beds,2 Baths,"Azizabad, Karachi•"
Rs 1.50 Crore,"1,200 SQFT",3 Beds,3 Baths,"Gulshan-E-Iqbal Block 2, Karachi•"
Rs 3.50 Crore,260 SQYD,4 Beds,4 Baths,"Gulshan-E-Iqbal Block 1, Karachi•"
Rs 4.80 Crore,240 SQYD,6 Beds,6 Baths,"Gulshan-E-Iqbal Block 1, Karachi•"
Rs 7.50 Crore,250 SQYD,4 Beds,4 Baths,"Clifton - Block 5, Karachi•"
Rs 30 Crore,"2,000 SQYD",0,0,"DHA Phase 8 - Zone D, Karachi•"
Rs 50 Crore,400 SQYD,0,0,"DHA Phase 6, Karachi•"
Rs 4 Crore,120 SQYD,0,0,"DHA Phase 7 Extension, Karachi•"
Rs 30 Crore,"2,000 SQYD",0,0,"DHA Phase 8 - Zone D, Karachi•"
Rs 45 Crore,"1,000 SQYD",5 Beds,5 Baths,"DHA Phase 8 - Zone A, Karachi•"
Rs 6.70 Crore,500 SQYD,0,0,"DHA Phase 5, Karachi•"
Rs 16 Crore,200 SQYD,0,0,"DHA Phase 8 - Zone E, Karachi•"
Rs 260 Crore,"10,000 SQYD",0,0,"Old Sabzi Mandi, Karachi•"
Rs 45 Crore,"1,000 SQYD",5 Beds,5 Baths,"DHA Phase 8 - Zone A, Karachi•"
Rs 6.25 Crore,500 SQYD,0,0,"DHA Phase 8, Karachi•"
Rs 65 Lacs,400 SQYD,0,0,"Gulshan-e-Mehran - Block 2A, Karachi•"
Rs 17 Lacs,125 SQFT,0,0,"Al-Ghafoor Green City, Karachi•"
Rs 7.50 Crore,555 SQYD,0,0,"Gulistan-e-Jauhar Block 1, Karachi•"
Rs 6.25 Crore,260 SQYD,4 Beds,3 Baths,"Darakhshan Villas, Karachi•"
Rs 8.50 Lac,80 SQYD,0,0,"Gulshan-e-Maymar, Karachi•"
Rs 45 Lacs,600 SQFT,2 Beds,2 Baths,"Gulistan-e-Jauhar Block 18, Karachi•"
Rs 68 Lacs,"1,050 SQFT",2 Beds,2 Baths,"Federal B Area - Block 20, Karachi•"
Rs 5 Crore,220 SQYD,6 Beds,7 Baths,"Airport Road, Karachi•"
Rs 1.35 Crore,235 SQYD,3 Beds,3 Baths,"Bahria Town - Precinct 31, Karachi•"
Rs 72 Lacs,60 SQYD,2 Beds,2 Baths,"Azizabad, Karachi•"
Rs 1.50 Crore,"1,200 SQFT",3 Beds,3 Baths,"Gulshan-E-Iqbal Block 2, Karachi•"
Rs 3.50 Crore,260 SQYD,4 Beds,4 Baths,"Gulshan-E-Iqbal Block 1, Karachi•"
Rs 4.80 Crore,240 SQYD,6 Beds,6 Baths,"Gulshan-E-Iqbal Block 1, Karachi•"
Rs 7.50 Crore,250 SQYD,4 Beds,4 Baths,"Clifton - Block 5, Karachi•"
Rs 30 Crore,"2,000 SQYD",0,0,"DHA Phase 8 - Zone D, Karachi•"
Rs 50 Crore,400 SQYD,0,0,"DHA Phase 6, Karachi•"
Rs 4 Crore,120 SQYD,0,0,"DHA Phase 7 Extension, Karachi•"
Rs 30 Crore,"2,000 SQYD",0,0,"DHA Phase 8 - Zone D, Karachi•"
Rs 45 Crore,"1,000 SQYD",5 Beds,5 Baths,"DHA Phase 8 - Zone A, Karachi•"
Rs 6.70 Crore,500 SQYD,0,0,"DHA Phase 5, Karachi•"
Rs 16 Crore,200 SQYD,0,0,"DHA Phase 8 - Zone E, Karachi•"
Rs 260 Crore,"10,000 SQYD",0,0,"Old Sabzi Mandi, Karachi•"
Rs 45 Crore,"1,000 SQYD",5 Beds,5 Baths,"DHA Phase 8 - Zone A, Karachi•"
Rs 6.25 Crore,500 SQYD,0,0,"DHA Phase 8, Karachi•"
Rs 1.80 Crore,"1,800 SQFT",3 Beds,3 Baths,"Cantt View Lodges, Karachi•"
Rs 1.60 Crore,"1,200 SQFT",2 Beds,3 Baths,"Gulshan-e-Iqbal Town, Karachi•"
Rs 3.65 Crore,"2,000 SQFT",4 Beds,4 Baths,"Kings Presidency, Karachi•"
Rs 75 Lacs,120 SQYD,0,0,"Gulshan-e-Maymar, Karachi•"
Rs 1.60 Crore,"1,200 SQFT",2 Beds,3 Baths,"Jinnah Avenue, Karachi•"
Rs 4.50 Lac,80 SQYD,0,0,"Al Baqei City, Karachi•"
Rs 4.25 Crore,240 SQYD,6 Beds,7 Baths,"Gulshan-e-Maymar - Sector T, Karachi•"
Rs 1.25 Crore,"1,030 SQFT",2 Beds,2 Baths,"Sumaira Residency, Karachi•"
Rs 2 Crore,152 SQYD,3 Beds,3 Baths,"Bahria Town - Precinct 2, Karachi•"
Rs 72 Lacs,60 SQYD,2 Beds,2 Baths,"Azizabad, Karachi•"
Rs 1.50 Crore,"1,200 SQFT",3 Beds,3 Baths,"Gulshan-E-Iqbal Block 2, Karachi•"
Rs 3.50 Crore,260 SQYD,4 Beds,4 Baths,"Gulshan-E-Iqbal Block 1, Karachi•"
Rs 4.80 Crore,240 SQYD,6 Beds,6 Baths,"Gulshan-E-Iqbal Block 1, Karachi•"
Rs 7.50 Crore,250 SQYD,4 Beds,4 Baths,"Clifton - Block 5, Karachi•"
Rs 30 Crore,"2,000 SQYD",0,0,"DHA Phase 8 - Zone D, Karachi•"
Rs 50 Crore,400 SQYD,0,0,"DHA Phase 6, Karachi•"
Rs 4 Crore,120 SQYD,0,0,"DHA Phase 7 Extension, Karachi•"
Rs 30 Crore,"2,000 SQYD",0,0,"DHA Phase 8 - Zone D, Karachi•"
Rs 45 Crore,"1,000 SQYD",5 Beds,5 Baths,"DHA Phase 8 - Zone A, Karachi•"
Rs 6.70 Crore,500 SQYD,0,0,"DHA Phase 5, Karachi•"
Rs 16 Crore,200 SQYD,0,0,"DHA Phase 8 - Zone E, Karachi•"
Rs 260 Crore,"10,000 SQYD",0,0,"Old Sabzi Mandi, Karachi•"
Rs 45 Crore,"1,000 SQYD",5 Beds,5 Baths,"DHA Phase 8 - Zone A, Karachi•"
Rs 6.25 Crore,500 SQYD,0,0,"DHA Phase 8, Karachi•"
Rs 1.52 Crore,125 SQYD,3 Beds,3 Baths,"Bahria Town - Ali Block, Karachi•"
Rs 1.45 Crore,"1,100 SQFT",2 Beds,2 Baths,"North Nazimabad - Block K, Karachi•"
Rs 1.84 Crore,350 SQYD,4 Beds,4 Baths,"Bahria Sports City, Karachi•"
Rs 3.10 Crore,"2,250 SQFT",3 Beds,4 Baths,"Saima Jinnah Avenue, Karachi•"
Rs 75 Lacs,"1,200 SQFT",4 Beds,3 Baths,"North Karachi, Karachi•"
Rs 12 Lacs,"1,000 SQYD",0,0,"Gadap Town, Karachi•"
Rs 12 Lacs,120 SQYD,0,0,"Gulshan-E-Elahi, Karachi•"
Rs 75 Lacs,120 SQYD,0,0,"Gulshan-e-Roomi, Karachi•"
Rs 66 Lacs,240 SQYD,0,0,"Pir Ahmed Zaman Town, Karachi•"
Rs 72 Lacs,60 SQYD,2 Beds,2 Baths,"Azizabad, Karachi•"
Rs 1.50 Crore,"1,200 SQFT",3 Beds,3 Baths,"Gulshan-E-Iqbal Block 2, Karachi•"
Rs 3.50 Crore,260 SQYD,4 Beds,4 Baths,"Gulshan-E-Iqbal Block 1, Karachi•"
Rs 4.80 Crore,240 SQYD,6 Beds,6 Baths,"Gulshan-E-Iqbal Block 1, Karachi•"
Rs 7.50 Crore,250 SQYD,4 Beds,4 Baths,"Clifton - Block 5, Karachi•"
Rs 30 Crore,"2,000 SQYD",0,0,"DHA Phase 8 - Zone D, Karachi•"
Rs 50 Crore,400 SQYD,0,0,"DHA Phase 6, Karachi•"
Rs 4 Crore,120 SQYD,0,0,"DHA Phase 7 Extension, Karachi•"
Rs 30 Crore,"2,000 SQYD",0,0,"DHA Phase 8 - Zone D, Karachi•"
Rs 45 Crore,"1,000 SQYD",5 Beds,5 Baths,"DHA Phase 8 - Zone A, Karachi•"
Rs 6.70 Crore,500 SQYD,0,0,"DHA Phase 5, Karachi•"
Rs 16 Crore,200 SQYD,0,0,"DHA Phase 8 - Zone E, Karachi•"
Rs 260 Crore,"10,000 SQYD",0,0,"Old Sabzi Mandi, Karachi•"
Rs 45 Crore,"1,000 SQYD",5 Beds,5 Baths,"DHA Phase 8 - Zone A, Karachi•"
Rs 6.25 Crore,500 SQYD,0,0,"DHA Phase 8, Karachi•"
Rs 2.50 Crore,"2,200 SQFT",4 Beds,5 Baths,"Cantt View Lodges, Karachi•"
Rs 56 Lacs,"1,050 SQFT",2 Beds,2 Baths,"North Karachi, Karachi•"
Rs 1.54 Crore,152 SQYD,3 Beds,3 Baths,"Bahria Homes - Iqbal Villas, Karachi•"
Rs 1.40 Crore,235 SQYD,3 Beds,3 Baths,"Bahria Town - Precinct 27, Karachi•"
Rs 2.10 Crore,"1,200 SQFT",2 Beds,2 Baths,"Gulshan-E-Iqbal Block 2, Karachi•"
Rs 1.10 Crore,"1,600 SQFT",3 Beds,3 Baths,"North Nazimabad - Block H, Karachi•"
Rs 6.25 Crore,180 SQYD,6 Beds,7 Baths,"Gulshan-e-Iqbal - Block 10-A, Karachi•"
Rs 30 Lacs,120 SQYD,4 Beds,4 Baths,"Scheme 33, Karachi•"
Rs 1.36 Crore,120 SQYD,2 Beds,3 Baths,"Saadi Garden, Karachi•"
Rs 72 Lacs,60 SQYD,2 Beds,2 Baths,"Azizabad, Karachi•"
Rs 1.50 Crore,"1,200 SQFT",3 Beds,3 Baths,"Gulshan-E-Iqbal Block 2, Karachi•"
Rs 3.50 Crore,260 SQYD,4 Beds,4 Baths,"Gulshan-E-Iqbal Block 1, Karachi•"
Rs 4.80 Crore,240 SQYD,6 Beds,6 Baths,"Gulshan-E-Iqbal Block 1, Karachi•"
Rs 7.50 Crore,250 SQYD,4 Beds,4 Baths,"Clifton - Block 5, Karachi•"
Rs 30 Crore,"2,000 SQYD",0,0,"DHA Phase 8 - Zone D, Karachi•"
Rs 50 Crore,400 SQYD,0,0,"DHA Phase 6, Karachi•"
Rs 4 Crore,120 SQYD,0,0,"DHA Phase 7 Extension, Karachi•"
Rs 30 Crore,"2,000 SQYD",0,0,"DHA Phase 8 - Zone D, Karachi•"
Rs 45 Crore,"1,000 SQYD",5 Beds,5 Baths,"DHA Phase 8 - Zone A, Karachi•"
Rs 6.70 Crore,500 SQYD,0,0,"DHA Phase 5, Karachi•"
Rs 16 Crore,200 SQYD,0,0,"DHA Phase 8 - Zone E, Karachi•"
Rs 260 Crore,"10,000 SQYD",0,0,"Old Sabzi Mandi, Karachi•"
Rs 45 Crore,"1,000 SQYD",5 Beds,5 Baths,"DHA Phase 8 - Zone A, Karachi•"
Rs 6.25 Crore,500 SQYD,0,0,"DHA Phase 8, Karachi•"
Rs 48 Lacs,850 SQFT,2 Beds,2 Baths,"North Karachi - Sector 3, Karachi•"
Rs 10.25 Crore,600 SQYD,6 Beds,7 Baths,"DHA Phase 1, Karachi•"
Rs 2.95 Crore,120 SQYD,4 Beds,4 Baths,"Capital Cooperative Housing Society, Karachi•"
Rs 2 Crore,152 SQYD,3 Beds,3 Baths,"Bahria Town - Precinct 2, Karachi•"
Rs 18 Crore,500 SQYD,6 Beds,7 Baths,"DOHS Phase 2, Karachi•"
Rs 28 Lacs,650 SQFT,2 Beds,2 Baths,"Surjani Town - Sector 7A, Karachi•"
Rs 1.05 Crore,840 SQFT,2 Beds,2 Baths,"Capital Cooperative Housing Society, Karachi•"
Rs 1.60 Crore,"1,200 SQFT",2 Beds,3 Baths,"Jinnah Avenue, Karachi•"
Rs 14.50 Crore,500 SQYD,6 Beds,7 Baths,"DHA Phase 7, Karachi•"
Rs 72 Lacs,60 SQYD,2 Beds,2 Baths,"Azizabad, Karachi•"
Rs 1.50 Crore,"1,200 SQFT",3 Beds,3 Baths,"Gulshan-E-Iqbal Block 2, Karachi•"
Rs 3.50 Crore,260 SQYD,4 Beds,4 Baths,"Gulshan-E-Iqbal Block 1, Karachi•"
Rs 4.80 Crore,240 SQYD,6 Beds,6 Baths,"Gulshan-E-Iqbal Block 1, Karachi•"
Rs 7.50 Crore,250 SQYD,4 Beds,4 Baths,"Clifton - Block 5, Karachi•"
Rs 30 Crore,"2,000 SQYD",0,0,"DHA Phase 8 - Zone D, Karachi•"
Rs 50 Crore,400 SQYD,0,0,"DHA Phase 6, Karachi•"
Rs 4 Crore,120 SQYD,0,0,"DHA Phase 7 Extension, Karachi•"
Rs 30 Crore,"2,000 SQYD",0,0,"DHA Phase 8 - Zone D, Karachi•"
Rs 45 Crore,"1,000 SQYD",5 Beds,5 Baths,"DHA Phase 8 - Zone A, Karachi•"
Rs 6.70 Crore,500 SQYD,0,0,"DHA Phase 5, Karachi•"
Rs 16 Crore,200 SQYD,0,0,"DHA Phase 8 - Zone E, Karachi•"
Rs 260 Crore,"10,000 SQYD",0,0,"Old Sabzi Mandi, Karachi•"
Rs 45 Crore,"1,000 SQYD",5 Beds,5 Baths,"DHA Phase 8 - Zone A, Karachi•"
Rs 6.25 Crore,500 SQYD,0,0,"DHA Phase 8, Karachi•"
Rs 48 Lacs,850 SQFT,2 Beds,2 Baths,"North Karachi - Sector 3, Karachi•"
Rs 74 Lacs,950 SQFT,2 Beds,2 Baths,"Bahria Apartments, Karachi•"
Rs 45 Lacs,600 SQFT,2 Beds,2 Baths,"Gulistan-e-Jauhar Block 18, Karachi•"
Rs 1.93 Crore,"1,650 SQFT",3 Beds,4 Baths,"Shahra-e-Faisal, Karachi•"
Rs 1.50 Crore,"1,050 SQFT",2 Beds,2 Baths,"Sumaira Residency, Karachi•"
Rs 1.65 Crore,120 SQYD,4 Beds,4 Baths,"North Karachi - Sector 7-D/2, Karachi•"
Rs 10 Lacs,50 SQFT,0,0,"North Town Residency, Karachi•"
Rs 10 Crore,500 SQYD,5 Beds,5 Baths,"Falcon Complex New Malir, Karachi•"
Rs 12 Lacs,120 SQYD,0,0,"Gulshan-E-Elahi, Karachi•"
Rs 72 Lacs,60 SQYD,2 Beds,2 Baths,"Azizabad, Karachi•"
Rs 1.50 Crore,"1,200 SQFT",3 Beds,3 Baths,"Gulshan-E-Iqbal Block 2, Karachi•"
Rs 3.50 Crore,260 SQYD,4 Beds,4 Baths,"Gulshan-E-Iqbal Block 1, Karachi•"
Rs 4.80 Crore,240 SQYD,6 Beds,6 Baths,"Gulshan-E-Iqbal Block 1, Karachi•"
Rs 7.50 Crore,250 SQYD,4 Beds,4 Baths,"Clifton - Block 5, Karachi•"
Rs 30 Crore,"2,000 SQYD",0,0,"DHA Phase 8 - Zone D, Karachi•"
Rs 50 Crore,400 SQYD,0,0,"DHA Phase 6, Karachi•"
Rs 4 Crore,120 SQYD,0,0,"DHA Phase 7 Extension, Karachi•"
Rs 30 Crore,"2,000 SQYD",0,0,"DHA Phase 8 - Zone D, Karachi•"
Rs 45 Crore,"1,000 SQYD",5 Beds,5 Baths,"DHA Phase 8 - Zone A, Karachi•"
Rs 6.70 Crore,500 SQYD,0,0,"DHA Phase 5, Karachi•"
Rs 16 Crore,200 SQYD,0,0,"DHA Phase 8 - Zone E, Karachi•"
Rs 260 Crore,"10,000 SQYD",0,0,"Old Sabzi Mandi, Karachi•"
Rs 45 Crore,"1,000 SQYD",5 Beds,5 Baths,"DHA Phase 8 - Zone A, Karachi•"
Rs 6.25 Crore,500 SQYD,0,0,"DHA Phase 8, Karachi•"
Rs 2.29 Crore,226 SQYD,0,0,"Sector 31 - Punjabi Saudagar City Phase 2, Karachi•"
Rs 1.60 Crore,865 SQFT,3 Beds,3 Baths,"Scheme 33, Karachi•"
Rs 23 Lacs,450 SQFT,1 Bed,1 Bath,"North Karachi - Sector 11A, Karachi•"
Rs 8.50 Lac,80 SQYD,0,0,"Gulshan-e-Maymar, Karachi•"
Rs 71 Lacs,990 SQFT,2 Beds,2 Baths,"Bahria Apartments, Karachi•"
Rs 1.32 Crore,235 SQYD,3 Beds,3 Baths,"Bahria Town - Precinct 31, Karachi•"
Rs 19 Lacs,550 SQFT,2 Beds,2 Baths,"Allahwala Town - Sector 31-B, Karachi•"
Rs 23.50 Lacs,125 SQYD,0,0,"DHA City - Sector 12, Karachi•"
Rs 3.45 Crore,"2,400 SQFT",3 Beds,4 Baths,"Gulshan-e-Iqbal - Block 10-A, Karachi•"
Rs 72 Lacs,60 SQYD,2 Beds,2 Baths,"Azizabad, Karachi•"
Rs 1.50 Crore,"1,200 SQFT",3 Beds,3 Baths,"Gulshan-E-Iqbal Block 2, Karachi•"
Rs 3.50 Crore,260 SQYD,4 Beds,4 Baths,"Gulshan-E-Iqbal Block 1, Karachi•"
Rs 4.80 Crore,240 SQYD,6 Beds,6 Baths,"Gulshan-E-Iqbal Block 1, Karachi•"
Rs 7.50 Crore,250 SQYD,4 Beds,4 Baths,"Clifton - Block 5, Karachi•"
Rs 30 Crore,"2,000 SQYD",0,0,"DHA Phase 8 - Zone D, Karachi•"
Rs 50 Crore,400 SQYD,0,0,"DHA Phase 6, Karachi•"
Rs 4 Crore,120 SQYD,0,0,"DHA Phase 7 Extension, Karachi•"
Rs 30 Crore,"2,000 SQYD",0,0,"DHA Phase 8 - Zone D, Karachi•"
Rs 45 Crore,"1,000 SQYD",5 Beds,5 Baths,"DHA Phase 8 - Zone A, Karachi•"
Rs 6.70 Crore,500 SQYD,0,0,"DHA Phase 5, Karachi•"
Rs 16 Crore,200 SQYD,0,0,"DHA Phase 8 - Zone E, Karachi•"
Rs 260 Crore,"10,000 SQYD",0,0,"Old Sabzi Mandi, Karachi•"
Rs 45 Crore,"1,000 SQYD",5 Beds,5 Baths,"DHA Phase 8 - Zone A, Karachi•"
Rs 6.25 Crore,500 SQYD,0,0,"DHA Phase 8, Karachi•"
Rs 5 Crore,"2,400 SQFT",4 Beds,4 Baths,"Shaheed Millat Road, Karachi•"
Rs 1.05 Crore,120 SQFT,0,0,"Cantt Bazar, Karachi•"
Rs 3.10 Crore,"2,200 SQFT",3 Beds,4 Baths,"Saima Jinnah Avenue, Karachi•"
Rs 3.10 Crore,"2,400 SQFT",3 Beds,4 Baths,"Gulshan-E-Iqbal Block 10, Karachi•"
Rs 6 Crore,240 SQYD,6 Beds,6 Baths,"Gulistan-e-Jauhar Block 3, Karachi•"
Rs 3.65 Crore,240 SQYD,6 Beds,7 Baths,"Saadi Town - Block 4, Karachi•"
Rs 45 Lacs,600 SQFT,2 Beds,2 Baths,"Gulistan-e-Jauhar Block 18, Karachi•"
Rs 4.25 Crore,200 SQYD,6 Beds,7 Baths,"North Nazimabad - Block D, Karachi•"
Rs 1.25 Crore,"1,100 SQFT",2 Beds,2 Baths,"Rainbow Towers And Shopping Mall, Karachi•"
Rs 72 Lacs,60 SQYD,2 Beds,2 Baths,"Azizabad, Karachi•"
Rs 1.50 Crore,"1,200 SQFT",3 Beds,3 Baths,"Gulshan-E-Iqbal Block 2, Karachi•"
Rs 3.50 Crore,260 SQYD,4 Beds,4 Baths,"Gulshan-E-Iqbal Block 1, Karachi•"
Rs 4.80 Crore,240 SQYD,6 Beds,6 Baths,"Gulshan-E-Iqbal Block 1, Karachi•"
Rs 7.50 Crore,250 SQYD,4 Beds,4 Baths,"Clifton - Block 5, Karachi•"
Rs 30 Crore,"2,000 SQYD",0,0,"DHA Phase 8 - Zone D, Karachi•"
Rs 50 Crore,400 SQYD,0,0,"DHA Phase 6, Karachi•"
Rs 4 Crore,120 SQYD,0,0,"DHA Phase 7 Extension, Karachi•"
Rs 30 Crore,"2,000 SQYD",0,0,"DHA Phase 8 - Zone D, Karachi•"
Rs 45 Crore,"1,000 SQYD",5 Beds,5 Baths,"DHA Phase 8 - Zone A, Karachi•"
Rs 6.70 Crore,500 SQYD,0,0,"DHA Phase 5, Karachi•"
Rs 16 Crore,200 SQYD,0,0,"DHA Phase 8 - Zone E, Karachi•"
Rs 260 Crore,"10,000 SQYD",0,0,"Old Sabzi Mandi, Karachi•"
Rs 45 Crore,"1,000 SQYD",5 Beds,5 Baths,"DHA Phase 8 - Zone A, Karachi•"
Rs 6.25 Crore,500 SQYD,0,0,"DHA Phase 8, Karachi•"
Rs 62 Lacs,200 SQYD,0,0,"DHA City - Sector 3C, Karachi•"
Rs 1.10 Crore,540 SQFT,0,0,"DHA Phase 2 Extension, Karachi•"
Rs 12 Lacs,"1,000 SQFT",0,0,"Gadap Town, Karachi•"
Rs 20 Lacs,375 SQFT,1 Bed,1 Bath,"Surjani Town - Sector 7A, Karachi•"
Rs 1.54 Crore,152 SQYD,3 Beds,3 Baths,"Bahria Homes - Iqbal Villas, Karachi•"
Rs 26.50 Lacs,125 SQYD,0,0,"Bahria Town - Precinct 10-B, Karachi•"
Rs 1.95 Crore,120 SQYD,4 Beds,5 Baths,"Airport Road, Karachi•"
Rs 3.30 Crore,"2,500 SQFT",4 Beds,5 Baths,"Metropolis Residency, Karachi•"
Rs 1.36 Crore,120 SQYD,2 Beds,3 Baths,"Saadi Garden, Karachi•"
Rs 72 Lacs,60 SQYD,2 Beds,2 Baths,"Azizabad, Karachi•"
Rs 1.50 Crore,"1,200 SQFT",3 Beds,3 Baths,"Gulshan-E-Iqbal Block 2, Karachi•"
Rs 3.50 Crore,260 SQYD,4 Beds,4 Baths,"Gulshan-E-Iqbal Block 1, Karachi•"
Rs 4.80 Crore,240 SQYD,6 Beds,6 Baths,"Gulshan-E-Iqbal Block 1, Karachi•"
Rs 7.50 Crore,250 SQYD,4 Beds,4 Baths,"Clifton - Block 5, Karachi•"
Rs 30 Crore,"2,000 SQYD",0,0,"DHA Phase 8 - Zone D, Karachi•"
Rs 50 Crore,400 SQYD,0,0,"DHA Phase 6, Karachi•"
Rs 4 Crore,120 SQYD,0,0,"DHA Phase 7 Extension, Karachi•"
Rs 30 Crore,"2,000 SQYD",0,0,"DHA Phase 8 - Zone D, Karachi•"
Rs 45 Crore,"1,000 SQYD",5 Beds,5 Baths,"DHA Phase 8 - Zone A, Karachi•"
Rs 6.70 Crore,500 SQYD,0,0,"DHA Phase 5, Karachi•"
Rs 16 Crore,200 SQYD,0,0,"DHA Phase 8 - Zone E, Karachi•"
Rs 260 Crore,"10,000 SQYD",0,0,"Old Sabzi Mandi, Karachi•"
Rs 45 Crore,"1,000 SQYD",5 Beds,5 Baths,"DHA Phase 8 - Zone A, Karachi•"
Rs 6.25 Crore,500 SQYD,0,0,"DHA Phase 8, Karachi•"
Rs 98 Lacs,125 SQYD,3 Beds,3 Baths,"Bahria Town - Precinct 15, Karachi•"
Rs 14.50 Crore,550 SQYD,6 Beds,6 Baths,"Malir Cantonment, Karachi•"
Rs 3.45 Crore,"2,400 SQFT",3 Beds,4 Baths,"Gulshan-e-Iqbal - Block 10-A, Karachi•"
Rs 62 Lacs,120 SQYD,0,0,"Gulshan-e-Roomi, Karachi•"
Rs 7.20 Lac,60 SQFT,0,0,"North Karachi, Karachi•"
Rs 1.38 Crore,500 SQYD,0,0,"DHA City Sector 2, Karachi•"
Rs 14.80 Lacs,450 SQFT,2 Beds,1 Bath,"Allahwala Town - Sector 31-B, Karachi•"
Rs 95 Lacs,850 SQFT,2 Beds,2 Baths,"North Nazimabad - Block H, Karachi•"
Rs 50 Lacs,80 SQFT,0,0,"North Town Residency, Karachi•"
Rs 72 Lacs,60 SQYD,2 Beds,2 Baths,"Azizabad, Karachi•"
Rs 1.50 Crore,"1,200 SQFT",3 Beds,3 Baths,"Gulshan-E-Iqbal Block 2, Karachi•"
Rs 3.50 Crore,260 SQYD,4 Beds,4 Baths,"Gulshan-E-Iqbal Block 1, Karachi•"
Rs 4.80 Crore,240 SQYD,6 Beds,6 Baths,"Gulshan-E-Iqbal Block 1, Karachi•"
Rs 7.50 Crore,250 SQYD,4 Beds,4 Baths,"Clifton - Block 5, Karachi•"
Rs 30 Crore,"2,000 SQYD",0,0,"DHA Phase 8 - Zone D, Karachi•"
Rs 50 Crore,400 SQYD,0,0,"DHA Phase 6, Karachi•"
Rs 4 Crore,120 SQYD,0,0,"DHA Phase 7 Extension, Karachi•"
Rs 30 Crore,"2,000 SQYD",0,0,"DHA Phase 8 - Zone D, Karachi•"
Rs 45 Crore,"1,000 SQYD",5 Beds,5 Baths,"DHA Phase 8 - Zone A, Karachi•"
Rs 6.70 Crore,500 SQYD,0,0,"DHA Phase 5, Karachi•"
Rs 16 Crore,200 SQYD,0,0,"DHA Phase 8 - Zone E, Karachi•"
Rs 260 Crore,"10,000 SQYD",0,0,"Old Sabzi Mandi, Karachi•"
Rs 45 Crore,"1,000 SQYD",5 Beds,5 Baths,"DHA Phase 8 - Zone A, Karachi•"
Rs 6.25 Crore,500 SQYD,0,0,"DHA Phase 8, Karachi•"
Rs 98 Lacs,125 SQYD,3 Beds,3 Baths,"Bahria Town - Precinct 15, Karachi•"
Rs 1.60 Crore,"1,200 SQFT",2 Beds,3 Baths,"Jinnah Avenue, Karachi•"
Rs 12 Lacs,"1,000 SQYD",Studio,1 Bath,"Gadap Town, Karachi•"
Rs 70 Lacs,955 SQFT,2 Beds,2 Baths,"Bahria Apartments, Karachi•"
Rs 9.10 Crore,"1,771 SQFT",2 Beds,3 Baths,"Emaar The Views, Karachi•"
Rs 1.50 Crore,"1,200 SQFT",2 Beds,2 Baths,"Capital Cooperative Housing Society, Karachi•"
Rs 2.76 Crore,"1,080 SQFT",3 Beds,3 Baths,"Saima Elite Villas, Karachi•"
Rs 1.35 Crore,"1,200 SQFT",3 Beds,2 Baths,"Falaknaz Dynasty, Karachi•"
Rs 12 Lacs,"1,000 SQYD",0,0,"Gulshan-e-Maymar, Karachi•"
Rs 72 Lacs,60 SQYD,2 Beds,2 Baths,"Azizabad, Karachi•"
Rs 1.50 Crore,"1,200 SQFT",3 Beds,3 Baths,"Gulshan-E-Iqbal Block 2, Karachi•"
Rs 3.50 Crore,260 SQYD,4 Beds,4 Baths,"Gulshan-E-Iqbal Block 1, Karachi•"
Rs 4.80 Crore,240 SQYD,6 Beds,6 Baths,"Gulshan-E-Iqbal Block 1, Karachi•"
Rs 7.50 Crore,250 SQYD,4 Beds,4 Baths,"Clifton - Block 5, Karachi•"
Rs 30 Crore,"2,000 SQYD",0,0,"DHA Phase 8 - Zone D, Karachi•"
Rs 50 Crore,400 SQYD,0,0,"DHA Phase 6, Karachi•"
Rs 4 Crore,120 SQYD,0,0,"DHA Phase 7 Extension, Karachi•"
Rs 30 Crore,"2,000 SQYD",0,0,"DHA Phase 8 - Zone D, Karachi•"
Rs 45 Crore,"1,000 SQYD",5 Beds,5 Baths,"DHA Phase 8 - Zone A, Karachi•"
Rs 6.70 Crore,500 SQYD,0,0,"DHA Phase 5, Karachi•"
Rs 16 Crore,200 SQYD,0,0,"DHA Phase 8 - Zone E, Karachi•"
Rs 260 Crore,"10,000 SQYD",0,0,"Old Sabzi Mandi, Karachi•"
Rs 45 Crore,"1,000 SQYD",5 Beds,5 Baths,"DHA Phase 8 - Zone A, Karachi•"
Rs 6.25 Crore,500 SQYD,0,0,"DHA Phase 8, Karachi•"
Rs 46 Lacs,120 SQYD,0,0,"Pir Ahmed Zaman Town - Block 3, Karachi•"
Rs 2 Crore,"1,440 SQFT",3 Beds,3 Baths,"Harmain Royal Residency, Karachi•"
Rs 29.50 Lacs,60 SQYD,3 Beds,2 Baths,"Scheme 33, Karachi•"
Rs 2.80 Crore,"1,440 SQFT",4 Beds,3 Baths,"Saima Elite Villas, Karachi•"
Rs 1.52 Crore,125 SQYD,3 Beds,3 Baths,"Bahria Town - Ali Block, Karachi•"
Rs 7.20 Lac,60 SQFT,0,0,"North Karachi, Karachi•"
Rs 77 Lacs,"1,000 SQFT",2 Beds,2 Baths,"Gwalior Cooperative Housing Society, Karachi•"
Rs 1.36 Crore,235 SQYD,3 Beds,3 Baths,"Bahria Town - Precinct 31, Karachi•"
Rs 2.50 Crore,"2,200 SQFT",4 Beds,5 Baths,"Cantt View Lodges, Karachi•"
Rs 72 Lacs,60 SQYD,2 Beds,2 Baths,"Azizabad, Karachi•"
Rs 1.50 Crore,"1,200 SQFT",3 Beds,3 Baths,"Gulshan-E-Iqbal Block 2, Karachi•"
Rs 3.50 Crore,260 SQYD,4 Beds,4 Baths,"Gulshan-E-Iqbal Block 1, Karachi•"
Rs 4.80 Crore,240 SQYD,6 Beds,6 Baths,"Gulshan-E-Iqbal Block 1, Karachi•"
Rs 7.50 Crore,250 SQYD,4 Beds,4 Baths,"Clifton - Block 5, Karachi•"
Rs 30 Crore,"2,000 SQYD",0,0,"DHA Phase 8 - Zone D, Karachi•"
Rs 50 Crore,400 SQYD,0,0,"DHA Phase 6, Karachi•"
Rs 4 Crore,120 SQYD,0,0,"DHA Phase 7 Extension, Karachi•"
Rs 30 Crore,"2,000 SQYD",0,0,"DHA Phase 8 - Zone D, Karachi•"
Rs 45 Crore,"1,000 SQYD",5 Beds,5 Baths,"DHA Phase 8 - Zone A, Karachi•"
Rs 6.70 Crore,500 SQYD,0,0,"DHA Phase 5, Karachi•"
Rs 16 Crore,200 SQYD,0,0,"DHA Phase 8 - Zone E, Karachi•"
Rs 260 Crore,"10,000 SQYD",0,0,"Old Sabzi Mandi, Karachi•"
Rs 45 Crore,"1,000 SQYD",5 Beds,5 Baths,"DHA Phase 8 - Zone A, Karachi•"
Rs 6.25 Crore,500 SQYD,0,0,"DHA Phase 8, Karachi•"
Rs 6.20 Crore,"1,376 SQFT",1 Bed,2 Baths,"Emaar Panorama, Karachi•"
Rs 3.30 Crore,"2,500 SQFT",4 Beds,5 Baths,"Metropolis Residency, Karachi•"
Rs 6.50 Crore,120 SQYD,0,0,"Gulshan-E-Iqbal Block 1, Karachi•"
Rs 1.45 Crore,"1,200 SQFT",2 Beds,2 Baths,"North Nazimabad - Block K, Karachi•"
Rs 73 Lacs,955 SQFT,2 Beds,2 Baths,"Bahria Apartments, Karachi•"
Rs 6 Lac,50 SQFT,0,0,"Saima Arabian Villas, Karachi•"
Rs 29 Lacs,120 SQYD,0,0,"Sachal Sarmast Society, Karachi•"
Rs 1.25 Crore,240 SQYD,0,0,"Gulshan-e-Roomi, Karachi•"
Rs 55 Lacs,700 SQFT,2 Beds,2 Baths,"Scheme 33, Karachi•"
Rs 72 Lacs,60 SQYD,2 Beds,2 Baths,"Azizabad, Karachi•"
Rs 1.50 Crore,"1,200 SQFT",3 Beds,3 Baths,"Gulshan-E-Iqbal Block 2, Karachi•"
Rs 3.50 Crore,260 SQYD,4 Beds,4 Baths,"Gulshan-E-Iqbal Block 1, Karachi•"
Rs 4.80 Crore,240 SQYD,6 Beds,6 Baths,"Gulshan-E-Iqbal Block 1, Karachi•"
Rs 7.50 Crore,250 SQYD,4 Beds,4 Baths,"Clifton - Block 5, Karachi•"
Rs 30 Crore,"2,000 SQYD",0,0,"DHA Phase 8 - Zone D, Karachi•"
Rs 50 Crore,400 SQYD,0,0,"DHA Phase 6, Karachi•"
Rs 4 Crore,120 SQYD,0,0,"DHA Phase 7 Extension, Karachi•"
Rs 30 Crore,"2,000 SQYD",0,0,"DHA Phase 8 - Zone D, Karachi•"
Rs 45 Crore,"1,000 SQYD",5 Beds,5 Baths,"DHA Phase 8 - Zone A, Karachi•"
Rs 6.70 Crore,500 SQYD,0,0,"DHA Phase 5, Karachi•"
Rs 16 Crore,200 SQYD,0,0,"DHA Phase 8 - Zone E, Karachi•"
Rs 260 Crore,"10,000 SQYD",0,0,"Old Sabzi Mandi, Karachi•"
Rs 45 Crore,"1,000 SQYD",5 Beds,5 Baths,"DHA Phase 8 - Zone A, Karachi•"
Rs 6.25 Crore,500 SQYD,0,0,"DHA Phase 8, Karachi•"
Rs 1.10 Crore,"1,200 SQYD",0,0,"Dua Green Farmhouse, Karachi•"
Rs 25 Lacs,540 SQFT,2 Beds,2 Baths,"Allahwala Town - Sector 31-G, Karachi•"
Rs 4.50 Lac,80 SQYD,0,0,"Al Baqei City, Karachi•"
Rs 1.72 Crore,152 SQYD,3 Beds,3 Baths,"Bahria Homes - Iqbal Villas, Karachi•"
Rs 3.85 Crore,200 SQYD,6 Beds,7 Baths,"Gulshan-e-Maymar - Sector X, Karachi•"
Rs 12.25 Crore,"3,707 SQFT",Studio,1 Bath,"Emaar Pearl Towers, Karachi•"
Rs 10 Lacs,50 SQFT,0,0,"Surjani Town, Karachi•"
Rs 5.09 Crore,400 SQYD,0,0,"New Rizvia Cooperative Housing Society, Karachi•"
Rs 4.25 Crore,240 SQYD,6 Beds,7 Baths,"Gulshan-e-Maymar - Sector T, Karachi•"
Rs 72 Lacs,60 SQYD,2 Beds,2 Baths,"Azizabad, Karachi•"
Rs 1.50 Crore,"1,200 SQFT",3 Beds,3 Baths,"Gulshan-E-Iqbal Block 2, Karachi•"
Rs 3.50 Crore,260 SQYD,4 Beds,4 Baths,"Gulshan-E-Iqbal Block 1, Karachi•"
Rs 4.80 Crore,240 SQYD,6 Beds,6 Baths,"Gulshan-E-Iqbal Block 1, Karachi•"
Rs 7.50 Crore,250 SQYD,4 Beds,4 Baths,"Clifton - Block 5, Karachi•"
Rs 30 Crore,"2,000 SQYD",0,0,"DHA Phase 8 - Zone D, Karachi•"
Rs 50 Crore,400 SQYD,0,0,"DHA Phase 6, Karachi•"
Rs 4 Crore,120 SQYD,0,0,"DHA Phase 7 Extension, Karachi•"
Rs 30 Crore,"2,000 SQYD",0,0,"DHA Phase 8 - Zone D, Karachi•"
Rs 45 Crore,"1,000 SQYD",5 Beds,5 Baths,"DHA Phase 8 - Zone A, Karachi•"
Rs 6.70 Crore,500 SQYD,0,0,"DHA Phase 5, Karachi•"
Rs 16 Crore,200 SQYD,0,0,"DHA Phase 8 - Zone E, Karachi•"
Rs 260 Crore,"10,000 SQYD",0,0,"Old Sabzi Mandi, Karachi•"
Rs 45 Crore,"1,000 SQYD",5 Beds,5 Baths,"DHA Phase 8 - Zone A, Karachi•"
Rs 6.25 Crore,500 SQYD,0,0,"DHA Phase 8, Karachi•"
Rs 5.65 Crore,240 SQYD,6 Beds,6 Baths,"Gulistan-e-Jauhar Block 7, Karachi•"
Rs 81 Lacs,120 SQYD,0,0,"Pir Ahmed Zaman Town, Karachi•"
Rs 5.99 Crore,300 SQYD,5 Beds,6 Baths,"Askari 6, Karachi•"
Rs 30 Lacs,650 SQFT,2 Beds,2 Baths,"Surjani Town - Sector 7B, Karachi•"
Rs 2.65 Crore,120 SQYD,6 Beds,5 Baths,"North Karachi - Sector 15-A/4, Karachi•"
Rs 1.14 Crore,125 SQYD,3 Beds,3 Baths,"Bahria Town - Ali Block, Karachi•"
Rs 1.52 Crore,125 SQYD,3 Beds,3 Baths,"Bahria Town - Ali Block, Karachi•"
Rs 1.20 Crore,40 SQYD,0,0,"Tariq Road, Karachi•"
Rs 1.35 Crore,"1,150 SQFT",3 Beds,3 Baths,"Gulshan-e-Iqbal - Block 19, Karachi•"
Rs 72 Lacs,60 SQYD,2 Beds,2 Baths,"Azizabad, Karachi•"
Rs 1.50 Crore,"1,200 SQFT",3 Beds,3 Baths,"Gulshan-E-Iqbal Block 2, Karachi•"
Rs 3.50 Crore,260 SQYD,4 Beds,4 Baths,"Gulshan-E-Iqbal Block 1, Karachi•"
Rs 4.80 Crore,240 SQYD,6 Beds,6 Baths,"Gulshan-E-Iqbal Block 1, Karachi•"
Rs 7.50 Crore,250 SQYD,4 Beds,4 Baths,"Clifton - Block 5, Karachi•"
Rs 30 Crore,"2,000 SQYD",0,0,"DHA Phase 8 - Zone D, Karachi•"
Rs 50 Crore,400 SQYD,0,0,"DHA Phase 6, Karachi•"
Rs 4 Crore,120 SQYD,0,0,"DHA Phase 7 Extension, Karachi•"
Rs 30 Crore,"2,000 SQYD",0,0,"DHA Phase 8 - Zone D, Karachi•"
Rs 45 Crore,"1,000 SQYD",5 Beds,5 Baths,"DHA Phase 8 - Zone A, Karachi•"
Rs 6.70 Crore,500 SQYD,0,0,"DHA Phase 5, Karachi•"
Rs 16 Crore,200 SQYD,0,0,"DHA Phase 8 - Zone E, Karachi•"
Rs 260 Crore,"10,000 SQYD",0,0,"Old Sabzi Mandi, Karachi•"
Rs 45 Crore,"1,000 SQYD",5 Beds,5 Baths,"DHA Phase 8 - Zone A, Karachi•"
Rs 6.25 Crore,500 SQYD,0,0,"DHA Phase 8, Karachi•"
Rs 49 Lacs,"1,000 SQFT",3 Beds,3 Baths,"North Karachi - Sector 5M, Karachi•"
Rs 3.10 Crore,"2,250 SQFT",3 Beds,4 Baths,"Saima Jinnah Avenue, Karachi•"
Rs 26.50 Lacs,125 SQYD,0,0,"Bahria Town - Precinct 10-B, Karachi•"
Rs 1.85 Crore,"1,700 SQFT",3 Beds,4 Baths,"Burj-Ul-Harmain, Karachi•"
Rs 31 Lacs,125 SQYD,0,0,"DHA City - Sector 6, Karachi•"
Rs 56 Lacs,120 SQYD,0,0,"Saadi Garden, Karachi•"
Rs 32 Lacs,120 SQYD,0,0,"North Karachi, Karachi•"
Rs 1.93 Crore,"1,650 SQFT",3 Beds,4 Baths,"Shahra-e-Faisal, Karachi•"
Rs 10 Crore,"1,300 SQFT",0,0,"Scheme 33, Karachi•"
Rs 72 Lacs,60 SQYD,2 Beds,2 Baths,"Azizabad, Karachi•"
Rs 1.50 Crore,"1,200 SQFT",3 Beds,3 Baths,"Gulshan-E-Iqbal Block 2, Karachi•"
Rs 3.50 Crore,260 SQYD,4 Beds,4 Baths,"Gulshan-E-Iqbal Block 1, Karachi•"
Rs 4.80 Crore,240 SQYD,6 Beds,6 Baths,"Gulshan-E-Iqbal Block 1, Karachi•"
Rs 7.50 Crore,250 SQYD,4 Beds,4 Baths,"Clifton - Block 5, Karachi•"
Rs 30 Crore,"2,000 SQYD",0,0,"DHA Phase 8 - Zone D, Karachi•"
Rs 50 Crore,400 SQYD,0,0,"DHA Phase 6, Karachi•"
Rs 4 Crore,120 SQYD,0,0,"DHA Phase 7 Extension, Karachi•"
Rs 30 Crore,"2,000 SQYD",0,0,"DHA Phase 8 - Zone D, Karachi•"
Rs 45 Crore,"1,000 SQYD",5 Beds,5 Baths,"DHA Phase 8 - Zone A, Karachi•"
Rs 6.70 Crore,500 SQYD,0,0,"DHA Phase 5, Karachi•"
Rs 16 Crore,200 SQYD,0,0,"DHA Phase 8 - Zone E, Karachi•"
Rs 260 Crore,"10,000 SQYD",0,0,"Old Sabzi Mandi, Karachi•"
Rs 45 Crore,"1,000 SQYD",5 Beds,5 Baths,"DHA Phase 8 - Zone A, Karachi•"
Rs 6.25 Crore,500 SQYD,0,0,"DHA Phase 8, Karachi•"
Rs 95 Lacs,80 SQYD,2 Beds,2 Baths,"Diamond City, Karachi•"
Rs 24 Lacs,450 SQFT,2 Beds,1 Bath,"Korangi - Sector 31-G, Karachi•"
Rs 1.95 Crore,120 SQYD,4 Beds,5 Baths,"Airport Road, Karachi•"
Rs 16 Lacs,120 SQYD,0,0,"Taiser Town - Sector 79, Karachi•"
Rs 1.35 Crore,"1,100 SQFT",2 Beds,2 Baths,"North Nazimabad - Block K, Karachi•"
Rs 55 Lacs,700 SQFT,3 Beds,2 Baths,"North Karachi, Karachi•"
Rs 1.72 Crore,350 SQYD,4 Beds,4 Baths,"Bahria Sports City, Karachi•"
Rs 1.75 Crore,200 SQYD,3 Beds,3 Baths,"Bahria Town - Precinct 11-A, Karachi•"
Rs 1.05 Crore,120 SQYD,2 Beds,2 Baths,"Saima Villas, Karachi•"
Rs 72 Lacs,60 SQYD,2 Beds,2 Baths,"Azizabad, Karachi•"
Rs 1.50 Crore,"1,200 SQFT",3 Beds,3 Baths,"Gulshan-E-Iqbal Block 2, Karachi•"
Rs 3.50 Crore,260 SQYD,4 Beds,4 Baths,"Gulshan-E-Iqbal Block 1, Karachi•"
Rs 4.80 Crore,240 SQYD,6 Beds,6 Baths,"Gulshan-E-Iqbal Block 1, Karachi•"
Rs 7.50 Crore,250 SQYD,4 Beds,4 Baths,"Clifton - Block 5, Karachi•"
Rs 30 Crore,"2,000 SQYD",0,0,"DHA Phase 8 - Zone D, Karachi•"
Rs 50 Crore,400 SQYD,0,0,"DHA Phase 6, Karachi•"
Rs 4 Crore,120 SQYD,0,0,"DHA Phase 7 Extension, Karachi•"
Rs 30 Crore,"2,000 SQYD",0,0,"DHA Phase 8 - Zone D, Karachi•"
Rs 45 Crore,"1,000 SQYD",5 Beds,5 Baths,"DHA Phase 8 - Zone A, Karachi•"
Rs 6.70 Crore,500 SQYD,0,0,"DHA Phase 5, Karachi•"
Rs 16 Crore,200 SQYD,0,0,"DHA Phase 8 - Zone E, Karachi•"
Rs 260 Crore,"10,000 SQYD",0,0,"Old Sabzi Mandi, Karachi•"
Rs 45 Crore,"1,000 SQYD",5 Beds,5 Baths,"DHA Phase 8 - Zone A, Karachi•"
Rs 6.25 Crore,500 SQYD,0,0,"DHA Phase 8, Karachi•"
Rs 58 Lacs,120 SQYD,0,0,"Saadi Garden, Karachi•"
Rs 5 Crore,240 SQYD,6 Beds,6 Baths,"Metroville 3, Karachi•"
Rs 3.30 Crore,"2,500 SQFT",4 Beds,5 Baths,"Metropolis Residency, Karachi•"
Rs 6 Lac,50 SQFT,0,0,"Gadap Town, Karachi•"
Rs 58 Lacs,955 SQFT,2 Beds,2 Baths,"Bahria Apartments, Karachi•"
Rs 4.65 Crore,160 SQFT,4 Beds,4 Baths,"Naya Nazimabad, Karachi•"
Rs 28 Lacs,650 SQFT,2 Beds,2 Baths,"Surjani Town - Sector 7A, Karachi•"
Rs 40 Lacs,"1,100 SQYD",2 Beds,3 Baths,"Bahria Town Karachi, Karachi•"
Rs 7.20 Lac,60 SQFT,0,0,"Saima Arabian Villas, Karachi•"
Rs 72 Lacs,60 SQYD,2 Beds,2 Baths,"Azizabad, Karachi•"
Rs 1.50 Crore,"1,200 SQFT",3 Beds,3 Baths,"Gulshan-E-Iqbal Block 2, Karachi•"
Rs 3.50 Crore,260 SQYD,4 Beds,4 Baths,"Gulshan-E-Iqbal Block 1, Karachi•"
Rs 4.80 Crore,240 SQYD,6 Beds,6 Baths,"Gulshan-E-Iqbal Block 1, Karachi•"
Rs 7.50 Crore,250 SQYD,4 Beds,4 Baths,"Clifton - Block 5, Karachi•"
Rs 30 Crore,"2,000 SQYD",0,0,"DHA Phase 8 - Zone D, Karachi•"
Rs 50 Crore,400 SQYD,0,0,"DHA Phase 6, Karachi•"
Rs 4 Crore,120 SQYD,0,0,"DHA Phase 7 Extension, Karachi•"
Rs 30 Crore,"2,000 SQYD",0,0,"DHA Phase 8 - Zone D, Karachi•"
Rs 45 Crore,"1,000 SQYD",5 Beds,5 Baths,"DHA Phase 8 - Zone A, Karachi•"
Rs 6.70 Crore,500 SQYD,0,0,"DHA Phase 5, Karachi•"
Rs 16 Crore,200 SQYD,0,0,"DHA Phase 8 - Zone E, Karachi•"
Rs 260 Crore,"10,000 SQYD",0,0,"Old Sabzi Mandi, Karachi•"
Rs 45 Crore,"1,000 SQYD",5 Beds,5 Baths,"DHA Phase 8 - Zone A, Karachi•"
Rs 6.25 Crore,500 SQYD,0,0,"DHA Phase 8, Karachi•"
